Annee,Map,Agent,Cote,Joueurs,ACS_Somme,Kills,Deaths,FirstKills,FirstDeaths
2021,Ascent,Astra,Attaque,1849,331437.0,12180,13150,1049,1453
2021,Ascent,Astra,Défense,1905,370888.0,13560,12685,1714,1525
2021,Ascent,Breach,Attaque,585,92655.0,3379,4327,315,499
2021,Ascent,Breach,Défense,1386,182455.0,8580,9687,885,1108
2021,Ascent,Brimstone,Attaque,118,20126.0,704,831,79,106
2021,Ascent,Brimstone,Défense,429,55266.0,2954,3007,375,389
2021,Ascent,Cypher,Attaque,1079,192479.0,7006,7782,737,1091
2021,Ascent,Cypher,Défense,2020,308349.0,14080,13564,1769,1708
2021,Ascent,Jett,Attaque,3553,771171.0,27088,27927,5828,6533
2021,Ascent,Jett,Défense,6099,1176433.0,51908,42365,12594,9368
2021,Ascent,KAY/O,Attaque,270,50018.0,1706,1893,214,287
2021,Ascent,KAY/O,Défense,267,55468.0,1921,1825,251,215
2021,Ascent,Killjoy,Attaque,3072,565382.0,19952,22270,2232,3147
2021,Ascent,Killjoy,Défense,5059,848540.0,35311,33207,4331,4151
2021,Ascent,Omen,Attaque,2591,453064.0,16697,18905,1577,2125
2021,Ascent,Omen,Défense,5336,792886.0,37087,36990,4722,4975
2021,Ascent,Phoenix,Attaque,856,175973.0,6063,6546,1087,1278
2021,Ascent,Phoenix,Défense,1328,254708.0,10541,9290,1858,1716
2021,Ascent,Raze,Attaque,1213,263177.0,9074,9603,1751,2003
2021,Ascent,Raze,Défense,2168,430821.0,18193,15337,3115,2931
2021,Ascent,Reyna,Attaque,781,170225.0,5996,6133,1003,1303
2021,Ascent,Reyna,Défense,1715,299205.0,14041,11838,2706,2561
2021,Ascent,Sage,Attaque,1229,228703.0,8244,8862,1000,1181
2021,Ascent,Sage,Défense,1942,326267.0,14007,12815,1932,1872
2021,Ascent,Skye,Attaque,1019,184106.0,6646,7514,704,1088
2021,Ascent,Skye,Défense,1112,209549.0,7926,7690,1120,989
2021,Ascent,Sova,Attaque,4332,790935.0,27823,30312,2312,2971
2021,Ascent,Sova,Défense,7305,1241495.0,50689,46893,5462,4442
2021,Ascent,Viper,Attaque,229,44330.0,1521,1634,180,201
2021,Ascent,Viper,Défense,244,46041.0,1561,1572,195,236
2021,Ascent,Yoru,Attaque,40,8433.0,306,351,56,58
2021,Ascent,Yoru,Défense,48,8840.0,300,312,57,52
2021,Bind,Astra,Attaque,1295,233974.0,8784,9171,802,991
2021,Bind,Astra,Défense,1358,257920.0,9555,9294,1232,1175
2021,Bind,Breach,Attaque,469,77541.0,2835,3369,256,323
2021,Bind,Breach,Défense,1153,155075.0,7407,7942,804,888
2021,Bind,Brimstone,Attaque,1250,228180.0,8453,8933,929,1050
2021,Bind,Brimstone,Défense,2270,354968.0,15278,15687,2021,2100
2021,Bind,Cypher,Attaque,1209,214150.0,7848,8708,939,1187
2021,Bind,Cypher,Défense,2936,403935.0,19819,20108,2733,2840
2021,Bind,Jett,Attaque,1501,332501.0,11766,11737,2409,2682
2021,Bind,Jett,Défense,2964,529318.0,24689,20470,5682,4439
2021,Bind,KAY/O,Attaque,175,32041.0,1156,1329,150,206
2021,Bind,KAY/O,Défense,172,32695.0,1171,1258,149,161
2021,Bind,Killjoy,Attaque,650,121456.0,4315,4573,421,533
2021,Bind,Killjoy,Défense,1140,182738.0,7659,7796,1063,1066
2021,Bind,Omen,Attaque,1107,186241.0,6813,7980,640,909
2021,Bind,Omen,Défense,2553,366147.0,17973,17745,2345,2331
2021,Bind,Phoenix,Attaque,361,78765.0,2780,2674,501,504
2021,Bind,Phoenix,Défense,843,140753.0,6661,5901,1216,1227
2021,Bind,Raze,Attaque,2861,641474.0,22267,22435,4514,4812
2021,Bind,Raze,Défense,4841,951014.0,39550,34023,6865,6319
2021,Bind,Reyna,Attaque,441,96696.0,3360,3314,584,634
2021,Bind,Reyna,Défense,706,140977.0,6073,4954,1161,987
2021,Bind,Sage,Attaque,894,151499.0,5702,6539,601,925
2021,Bind,Sage,Défense,1296,215135.0,8834,8945,1220,1366
2021,Bind,Skye,Attaque,1715,310581.0,11451,12572,1305,1681
2021,Bind,Skye,Défense,1996,365660.0,14030,13837,1867,1855
2021,Bind,Sova,Attaque,3015,557400.0,19986,20948,1896,2055
2021,Bind,Sova,Défense,5297,870412.0,36877,34604,4061,3716
2021,Bind,Viper,Attaque,1490,295466.0,10705,10623,1293,1390
2021,Bind,Viper,Défense,1600,303228.0,10931,10844,1551,1560
2021,Bind,Yoru,Attaque,91,16656.0,649,759,126,155
2021,Bind,Yoru,Défense,121,21550.0,944,886,175,170
2021,Breeze,Astra,Attaque,35,6287.0,237,256,30,38
2021,Breeze,Astra,Défense,35,6648.0,235,261,31,37
2021,Breeze,Breach,Attaque,19,3051.0,110,129,19,13
2021,Breeze,Breach,Défense,19,2807.0,93,148,7,26
2021,Breeze,Brimstone,Attaque,22,4308.0,151,181,13,20
2021,Breeze,Brimstone,Défense,22,4180.0,142,144,25,20
2021,Breeze,Cypher,Attaque,478,90666.0,3342,3531,425,505
2021,Breeze,Cypher,Défense,475,85993.0,3124,3406,396,397
2021,Breeze,Jett,Attaque,844,197824.0,7161,6452,1525,1448
2021,Breeze,Jett,Défense,843,204991.0,7296,5986,1544,997
2021,Breeze,KAY/O,Attaque,30,5629.0,210,227,29,25
2021,Breeze,KAY/O,Défense,30,6027.0,221,225,38,30
2021,Breeze,Killjoy,Attaque,144,28081.0,1004,1032,116,135
2021,Breeze,Killjoy,Défense,144,30983.0,1057,941,143,100
2021,Breeze,Omen,Attaque,64,13031.0,480,461,50,57
2021,Breeze,Omen,Défense,63,12579.0,466,440,74,75
2021,Breeze,Phoenix,Attaque,12,3383.0,108,77,21,16
2021,Breeze,Phoenix,Défense,12,3053.0,118,92,22,15
2021,Breeze,Raze,Attaque,6,1061.0,21,35,7,6
2021,Breeze,Raze,Défense,6,1287.0,44,48,11,7
2021,Breeze,Reyna,Attaque,249,56828.0,2003,1857,326,371
2021,Breeze,Reyna,Défense,248,58880.0,2054,1862,344,306
2021,Breeze,Sage,Attaque,295,51856.0,1841,2046,185,290
2021,Breeze,Sage,Défense,294,54958.0,1864,2092,231,293
2021,Breeze,Skye,Attaque,674,126102.0,4713,5025,522,672
2021,Breeze,Skye,Défense,674,134331.0,4739,4930,662,647
2021,Breeze,Sova,Attaque,730,126753.0,4609,4979,414,500
2021,Breeze,Sova,Défense,729,144891.0,4909,5069,577,516
2021,Breeze,Viper,Attaque,914,174006.0,6390,6272,608,738
2021,Breeze,Viper,Défense,909,170291.0,5913,6358,752,828
2021,Breeze,Yoru,Attaque,53,11344.0,370,382,67,80
2021,Breeze,Yoru,Défense,53,11244.0,373,366,68,52
2021,Fracture,Astra,Attaque,9,1715.0,61,69,2,5
2021,Fracture,Astra,Défense,9,1409.0,58,79,6,6
2021,Fracture,Breach,Attaque,12,2547.0,106,74,9,4
2021,Fracture,Breach,Défense,12,2145.0,81,89,10,2
2021,Fracture,Brimstone,Attaque,2,632.0,29,8,2,1
2021,Fracture,Brimstone,Défense,2,236.0,5,9,0,2
2021,Fracture,Cypher,Attaque,8,1654.0,72,56,10,9
2021,Fracture,Cypher,Défense,8,1936.0,63,50,8,7
2021,Fracture,Jett,Attaque,7,865.0,25,57,6,18
2021,Fracture,Jett,Défense,7,1686.0,67,54,16,10
2021,Fracture,KAY/O,Attaque,1,177.0,5,7,1,2
2021,Fracture,KAY/O,Défense,1,168.0,5,10,0,1
2021,Fracture,Killjoy,Attaque,4,615.0,22,23,1,2
2021,Fracture,Killjoy,Défense,4,622.0,21,36,3,8
2021,Fracture,Raze,Attaque,6,1727.0,68,44,17,9
2021,Fracture,Raze,Défense,6,1672.0,48,45,13,11
2021,Fracture,Sage,Attaque,2,345.0,16,14,1,3
2021,Fracture,Sage,Défense,2,454.0,12,8,1,0
2021,Fracture,Skye,Attaque,3,682.0,22,22,4,4
2021,Fracture,Skye,Défense,3,366.0,14,26,4,6
2021,Fracture,Viper,Attaque,6,885.0,35,46,2,13
2021,Fracture,Viper,Défense,6,1030.0,35,45,9,2
2021,Haven,Astra,Attaque,1450,256384.0,9688,9842,846,1051
2021,Haven,Astra,Défense,1500,282252.0,10124,10176,1291,1197
2021,Haven,Breach,Attaque,590,102236.0,3748,4168,364,482
2021,Haven,Breach,Défense,1305,179294.0,8323,9029,893,994
2021,Haven,Brimstone,Attaque,158,26943.0,991,1106,100,117
2021,Haven,Brimstone,Défense,382,53272.0,2394,2717,328,376
2021,Haven,Cypher,Attaque,1964,367567.0,13493,13927,1486,1901
2021,Haven,Cypher,Défense,3523,540349.0,23983,24839,3054,3199
2021,Haven,Jett,Attaque,2905,648925.0,23207,22370,4825,5283
2021,Haven,Jett,Défense,4792,905894.0,39328,33887,9145,6820
2021,Haven,KAY/O,Attaque,210,38163.0,1278,1495,160,219
2021,Haven,KAY/O,Défense,208,42277.0,1491,1479,195,175
2021,Haven,Killjoy,Attaque,1419,281052.0,10252,9712,1097,1309
2021,Haven,Killjoy,Défense,2045,349982.0,13491,14012,1651,1712
2021,Haven,Omen,Attaque,1991,349347.0,13035,14007,1329,1642
2021,Haven,Omen,Défense,4072,590243.0,27321,29052,3783,4025
2021,Haven,Phoenix,Attaque,891,186889.0,6627,6580,1174,1322
2021,Haven,Phoenix,Défense,1572,282192.0,12087,11285,2068,1978
2021,Haven,Raze,Attaque,878,192863.0,6786,6687,1272,1419
2021,Haven,Raze,Défense,1746,327411.0,14277,12598,2516,2424
2021,Haven,Reyna,Attaque,548,122529.0,4388,4045,721,819
2021,Haven,Reyna,Défense,1008,185315.0,8170,7393,1564,1442
2021,Haven,Sage,Attaque,688,129542.0,4727,4796,570,658
2021,Haven,Sage,Défense,976,160759.0,6517,6919,830,897
2021,Haven,Skye,Attaque,1208,223966.0,8393,8896,898,1191
2021,Haven,Skye,Défense,1341,241004.0,9036,9325,1137,1227
2021,Haven,Sova,Attaque,2884,536721.0,19010,19243,1563,1924
2021,Haven,Sova,Défense,5057,821107.0,34268,34328,4002,3822
2021,Haven,Viper,Attaque,195,39423.0,1359,1341,163,216
2021,Haven,Viper,Défense,208,41909.0,1402,1483,184,176
2021,Haven,Yoru,Attaque,25,4368.0,160,197,27,40
2021,Haven,Yoru,Défense,30,5199.0,203,232,33,43
2021,Icebox,Astra,Attaque,53,9261.0,350,385,30,37
2021,Icebox,Astra,Défense,58,10525.0,390,421,49,66
2021,Icebox,Breach,Attaque,43,6869.0,247,311,18,41
2021,Icebox,Breach,Défense,96,12795.0,587,740,57,98
2021,Icebox,Brimstone,Attaque,15,3058.0,100,105,9,17
2021,Icebox,Brimstone,Défense,77,8102.0,465,543,57,66
2021,Icebox,Cypher,Attaque,77,15540.0,579,564,74,86
2021,Icebox,Cypher,Défense,162,26615.0,1303,1198,151,152
2021,Icebox,Jett,Attaque,2467,597882.0,21138,19520,4479,4198
2021,Icebox,Jett,Défense,3360,721674.0,29073,24636,6489,4583
2021,Icebox,KAY/O,Attaque,49,9226.0,324,367,40,49
2021,Icebox,KAY/O,Défense,49,10603.0,352,361,56,50
2021,Icebox,Killjoy,Attaque,1175,233800.0,8463,8164,954,1148
2021,Icebox,Killjoy,Défense,1785,311232.0,12758,12755,1540,1418
2021,Icebox,Omen,Attaque,416,79681.0,3042,3092,345,407
2021,Icebox,Omen,Défense,949,134993.0,6342,7164,940,1094
2021,Icebox,Phoenix,Attaque,24,4073.0,133,192,18,30
2021,Icebox,Phoenix,Défense,62,9517.0,422,491,69,102
2021,Icebox,Raze,Attaque,480,110730.0,3834,3831,644,708
2021,Icebox,Raze,Défense,852,165136.0,6895,6477,1152,1065
2021,Icebox,Reyna,Attaque,1184,291369.0,10473,9283,1789,1678
2021,Icebox,Reyna,Défense,1515,330030.0,12602,11353,2331,2182
2021,Icebox,Sage,Attaque,2569,429664.0,15858,18428,1587,2437
2021,Icebox,Sage,Défense,3429,573469.0,22888,24297,2767,3041
2021,Icebox,Skye,Attaque,254,47044.0,1771,1951,196,240
2021,Icebox,Skye,Défense,344,57819.0,2273,2544,254,330
2021,Icebox,Sova,Attaque,2543,466548.0,17036,17313,1288,1605
2021,Icebox,Sova,Défense,3357,613402.0,23087,23809,2273,2210
2021,Icebox,Viper,Attaque,2371,464481.0,16892,16462,1657,1925
2021,Icebox,Viper,Défense,2856,494065.0,18425,20081,2282,2758
2021,Icebox,Yoru,Attaque,13,1855.0,73,111,14,24
2021,Icebox,Yoru,Défense,17,3160.0,116,122,17,25
2021,Split,Astra,Attaque,1001,179268.0,6742,7344,539,703
2021,Split,Astra,Défense,1034,200950.0,7451,6917,959,794
2021,Split,Breach,Attaque,841,137679.0,5174,6163,394,574
2021,Split,Breach,Défense,1756,242123.0,11432,11990,1065,1152
2021,Split,Brimstone,Attaque,138,25543.0,914,1032,88,108
2021,Split,Brimstone,Défense,346,50104.0,2456,2380,328,318
2021,Split,Cypher,Attaque,1004,184648.0,6828,7513,724,962
2021,Split,Cypher,Défense,1736,277930.0,12419,11772,1582,1455
2021,Split,Jett,Attaque,1219,270685.0,9529,10006,2017,2395
2021,Split,Jett,Défense,2230,425849.0,19598,15790,4584,3392
2021,Split,KAY/O,Attaque,129,24469.0,873,1005,92,113
2021,Split,KAY/O,Défense,128,27200.0,935,865,124,105
2021,Split,Killjoy,Attaque,1074,202369.0,7170,7927,679,1004
2021,Split,Killjoy,Défense,1783,303913.0,12822,11668,1649,1321
2021,Split,Omen,Attaque,1181,210224.0,7829,8720,654,944
2021,Split,Omen,Défense,2485,371045.0,17496,17465,2471,2257
2021,Split,Phoenix,Attaque,31,5244.0,179,260,34,59
2021,Split,Phoenix,Défense,109,15382.0,783,786,123,151
2021,Split,Raze,Attaque,1821,408890.0,13999,14909,2680,3336
2021,Split,Raze,Défense,3107,646291.0,26802,22701,4520,4006
2021,Split,Reyna,Attaque,386,87905.0,3032,3091,466,610
2021,Split,Reyna,Défense,594,121289.0,5045,4195,1028,808
2021,Split,Sage,Attaque,1858,337077.0,12296,13590,1319,1686
2021,Split,Sage,Défense,2908,495147.0,21214,20111,2817,2711
2021,Split,Skye,Attaque,585,109906.0,4073,4344,384,531
2021,Split,Skye,Défense,691,128566.0,5034,4860,642,623
2021,Split,Sova,Attaque,51,8595.0,293,353,30,42
2021,Split,Sova,Défense,128,19253.0,902,815,103,81
2021,Split,Viper,Attaque,413,83353.0,2974,3011,329,368
2021,Split,Viper,Défense,474,87088.0,3300,3128,423,423
2021,Split,Yoru,Attaque,14,2765.0,95,119,14,23
2021,Split,Yoru,Défense,26,4814.0,226,199,47,40
2022,Ascent,Astra,Attaque,2288,414847.0,15081,15989,1251,1712
2022,Ascent,Astra,Défense,2269,443230.0,15962,15043,1893,1673
2022,Ascent,Breach,Attaque,317,52073.0,1836,2299,176,257
2022,Ascent,Breach,Défense,315,57639.0,2088,2189,248,216
2022,Ascent,Brimstone,Attaque,94,16343.0,609,783,56,97
2022,Ascent,Brimstone,Défense,94,19292.0,625,617,63,67
2022,Ascent,Chamber,Attaque,746,152702.0,5650,5802,909,999
2022,Ascent,Chamber,Défense,741,167144.0,6250,5051,1317,775
2022,Ascent,Cypher,Attaque,350,61516.0,2212,2511,230,362
2022,Ascent,Cypher,Défense,347,63917.0,2307,2243,253,252
2022,Ascent,Fade,Attaque,270,46311.0,1692,2007,105,209
2022,Ascent,Fade,Défense,270,50746.0,1853,1857,179,189
2022,Ascent,Jett,Attaque,3224,711747.0,24477,25814,5737,6512
2022,Ascent,Jett,Défense,3207,758195.0,27403,22127,6905,4448
2022,Ascent,KAY/O,Attaque,2075,383851.0,13156,15869,1645,2277
2022,Ascent,KAY/O,Défense,2072,427311.0,15006,14511,1945,1680
2022,Ascent,Killjoy,Attaque,2414,454764.0,15890,17493,1660,2412
2022,Ascent,Killjoy,Défense,2412,489561.0,17137,15629,2130,1830
2022,Ascent,Neon,Attaque,23,4288.0,164,194,45,57
2022,Ascent,Neon,Défense,23,4442.0,157,178,29,36
2022,Ascent,Omen,Attaque,1217,222665.0,8072,9057,672,965
2022,Ascent,Omen,Défense,1216,234465.0,8657,8403,1041,955
2022,Ascent,Phoenix,Attaque,35,8318.0,256,258,47,49
2022,Ascent,Phoenix,Défense,35,8943.0,328,242,48,33
2022,Ascent,Raze,Attaque,257,57574.0,1915,2082,382,470
2022,Ascent,Raze,Défense,256,60992.0,2160,1907,344,291
2022,Ascent,Reyna,Attaque,336,71518.0,2402,2527,381,492
2022,Ascent,Reyna,Défense,332,72867.0,2486,2237,491,383
2022,Ascent,Sage,Attaque,349,66750.0,2513,2633,305,372
2022,Ascent,Sage,Défense,346,68229.0,2314,2195,277,309
2022,Ascent,Skye,Attaque,539,95615.0,3311,4062,403,613
2022,Ascent,Skye,Défense,534,103950.0,3781,3719,490,515
2022,Ascent,Sova,Attaque,3305,609053.0,21133,23493,1729,2286
2022,Ascent,Sova,Défense,3294,682624.0,23111,20937,2497,2046
2022,Ascent,Viper,Attaque,38,6166.0,221,249,22,40
2022,Ascent,Viper,Défense,38,6906.0,233,229,29,23
2022,Ascent,Yoru,Attaque,32,5900.0,202,236,41,50
2022,Ascent,Yoru,Défense,32,6794.0,255,215,45,42
2022,Bind,Astra,Attaque,1341,238062.0,8787,9357,789,962
2022,Bind,Astra,Défense,1334,255629.0,9273,9185,1185,1085
2022,Bind,Breach,Attaque,381,63106.0,2266,2697,169,274
2022,Bind,Breach,Défense,379,65533.0,2410,2692,245,238
2022,Bind,Brimstone,Attaque,949,175507.0,6217,6498,578,695
2022,Bind,Brimstone,Défense,946,183579.0,6380,6662,768,712
2022,Bind,Chamber,Attaque,994,206652.0,7570,7121,1216,1162
2022,Bind,Chamber,Défense,988,215775.0,8133,6904,1693,1088
2022,Bind,Cypher,Attaque,112,18532.0,638,802,73,102
2022,Bind,Cypher,Défense,112,21448.0,768,765,98,85
2022,Bind,Fade,Attaque,218,40046.0,1493,1581,126,166
2022,Bind,Fade,Défense,218,42466.0,1515,1522,158,139
2022,Bind,Jett,Attaque,758,177872.0,6144,5940,1408,1367
2022,Bind,Jett,Défense,752,175914.0,6470,5324,1504,953
2022,Bind,KAY/O,Attaque,169,32107.0,1109,1268,155,174
2022,Bind,KAY/O,Défense,168,30190.0,1008,1163,151,171
2022,Bind,Killjoy,Attaque,120,22492.0,759,848,80,118
2022,Bind,Killjoy,Défense,118,24492.0,847,736,95,88
2022,Bind,Neon,Attaque,89,20069.0,667,684,140,198
2022,Bind,Neon,Défense,89,20346.0,711,713,147,111
2022,Bind,Omen,Attaque,152,28752.0,1054,1095,103,152
2022,Bind,Omen,Défense,152,30122.0,1036,1064,157,149
2022,Bind,Phoenix,Attaque,5,1122.0,33,37,8,2
2022,Bind,Phoenix,Défense,5,1049.0,22,32,3,5
2022,Bind,Raze,Attaque,1854,430070.0,14569,14566,2949,3253
2022,Bind,Raze,Défense,1851,447704.0,15046,13278,2691,2139
2022,Bind,Reyna,Attaque,100,21943.0,741,753,126,155
2022,Bind,Reyna,Défense,99,23639.0,830,735,143,137
2022,Bind,Sage,Attaque,563,100965.0,3657,3963,397,542
2022,Bind,Sage,Défense,559,107781.0,3746,3803,536,544
2022,Bind,Skye,Attaque,1716,308158.0,11141,12412,1164,1613
2022,Bind,Skye,Défense,1700,310613.0,11374,11715,1448,1592
2022,Bind,Sova,Attaque,1312,241530.0,8534,9078,767,858
2022,Bind,Sova,Défense,1306,264755.0,8902,8819,992,882
2022,Bind,Viper,Attaque,1362,272262.0,9712,9769,1164,1404
2022,Bind,Viper,Défense,1355,264598.0,9109,9091,1204,1255
2022,Bind,Yoru,Attaque,50,12017.0,451,342,81,75
2022,Bind,Yoru,Défense,50,10672.0,341,362,68,81
2022,Breeze,Astra,Attaque,72,14618.0,539,521,68,73
2022,Breeze,Astra,Défense,72,14391.0,547,494,66,63
2022,Breeze,Breach,Attaque,20,3658.0,112,131,7,27
2022,Breeze,Breach,Défense,19,3785.0,144,153,25,21
2022,Breeze,Brimstone,Attaque,2,551.0,23,15,5,1
2022,Breeze,Brimstone,Défense,2,405.0,14,15,1,1
2022,Breeze,Chamber,Attaque,1355,282698.0,10444,9969,1618,1615
2022,Breeze,Chamber,Défense,1346,287482.0,10561,9250,1890,1340
2022,Breeze,Cypher,Attaque,617,118712.0,4284,4433,543,623
2022,Breeze,Cypher,Défense,615,111616.0,4107,4205,481,507
2022,Breeze,Fade,Attaque,17,2966.0,106,131,11,14
2022,Breeze,Fade,Défense,17,2887.0,111,148,14,24
2022,Breeze,Jett,Attaque,1849,416720.0,14943,14370,3259,3477
2022,Breeze,Jett,Défense,1842,438933.0,15862,12934,3575,2338
2022,Breeze,KAY/O,Attaque,1031,189132.0,6717,7918,838,1152
2022,Breeze,KAY/O,Défense,1029,202608.0,6990,7344,875,890
2022,Breeze,Killjoy,Attaque,33,5997.0,200,220,23,31
2022,Breeze,Killjoy,Défense,33,6439.0,227,218,33,13
2022,Breeze,Neon,Attaque,67,13868.0,492,554,112,155
2022,Breeze,Neon,Défense,67,14926.0,539,472,88,98
2022,Breeze,Omen,Attaque,19,3601.0,148,153,19,22
2022,Breeze,Omen,Défense,19,3751.0,148,165,21,33
2022,Breeze,Phoenix,Attaque,7,1496.0,53,52,11,9
2022,Breeze,Phoenix,Défense,7,1727.0,58,51,10,5
2022,Breeze,Raze,Attaque,14,2529.0,76,112,17,28
2022,Breeze,Raze,Défense,14,2837.0,95,105,16,15
2022,Breeze,Reyna,Attaque,239,48966.0,1684,1808,259,353
2022,Breeze,Reyna,Défense,237,54718.0,1882,1730,328,281
2022,Breeze,Sage,Attaque,35,5508.0,171,253,17,34
2022,Breeze,Sage,Défense,34,4861.0,168,255,26,34
2022,Breeze,Skye,Attaque,781,144745.0,5279,5718,568,771
2022,Breeze,Skye,Défense,777,149950.0,5343,5592,739,765
2022,Breeze,Sova,Attaque,2008,346004.0,12493,14009,935,1261
2022,Breeze,Sova,Défense,1997,406557.0,13880,13602,1482,1340
2022,Breeze,Viper,Attaque,2043,376430.0,13538,14366,1170,1568
2022,Breeze,Viper,Défense,2031,383719.0,13482,13989,1557,1707
2022,Breeze,Yoru,Attaque,32,6366.0,235,240,37,42
2022,Breeze,Yoru,Défense,32,6634.0,218,203,35,27
2022,Fracture,Astra,Attaque,406,75734.0,2877,2872,242,291
2022,Fracture,Astra,Défense,404,79245.0,2850,2761,346,363
2022,Fracture,Breach,Attaque,1144,192072.0,7225,8299,540,809
2022,Fracture,Breach,Défense,1138,210869.0,7530,8021,653,622
2022,Fracture,Brimstone,Attaque,606,115210.0,4203,4444,364,444
2022,Fracture,Brimstone,Défense,605,122026.0,4383,4365,478,491
2022,Fracture,Chamber,Attaque,769,170206.0,6383,5757,995,945
2022,Fracture,Chamber,Défense,768,170721.0,6451,5484,1381,814
2022,Fracture,Cypher,Attaque,370,73301.0,2725,2713,378,376
2022,Fracture,Cypher,Défense,365,68981.0,2442,2488,325,299
2022,Fracture,Fade,Attaque,47,9604.0,342,336,25,27
2022,Fracture,Fade,Défense,47,9407.0,344,319,34,32
2022,Fracture,Jett,Attaque,372,83036.0,2949,2869,631,649
2022,Fracture,Jett,Défense,369,86726.0,3193,2686,756,511
2022,Fracture,KAY/O,Attaque,268,51876.0,1834,2023,179,253
2022,Fracture,KAY/O,Défense,267,52009.0,1846,1990,240,210
2022,Fracture,Killjoy,Attaque,66,12417.0,402,432,43,65
2022,Fracture,Killjoy,Défense,65,11262.0,401,507,63,77
2022,Fracture,Neon,Attaque,274,59417.0,2189,2275,514,623
2022,Fracture,Neon,Défense,274,62228.0,2259,2134,449,409
2022,Fracture,Omen,Attaque,34,5438.0,202,254,28,42
2022,Fracture,Omen,Défense,34,7046.0,262,237,39,30
2022,Fracture,Phoenix,Attaque,1,237.0,10,11,2,1
2022,Fracture,Phoenix,Défense,1,256.0,11,9,1,3
2022,Fracture,Raze,Attaque,671,150502.0,5314,5427,1054,1287
2022,Fracture,Raze,Défense,669,162099.0,5520,4882,1060,822
2022,Fracture,Reyna,Attaque,41,8774.0,294,279,35,47
2022,Fracture,Reyna,Défense,41,8822.0,336,335,52,56
2022,Fracture,Sage,Attaque,346,60611.0,2210,2532,237,345
2022,Fracture,Sage,Défense,342,68645.0,2506,2405,319,334
2022,Fracture,Skye,Attaque,44,7786.0,280,322,26,43
2022,Fracture,Skye,Défense,44,8526.0,330,365,47,52
2022,Fracture,Sova,Attaque,10,1739.0,68,77,3,12
2022,Fracture,Sova,Défense,10,1889.0,62,65,6,9
2022,Fracture,Viper,Attaque,482,91067.0,3296,3392,302,402
2022,Fracture,Viper,Défense,479,92563.0,3175,3303,422,451
2022,Fracture,Yoru,Attaque,5,1162.0,50,51,8,13
2022,Fracture,Yoru,Défense,5,611.0,24,42,5,10
2022,Haven,Astra,Attaque,2022,373047.0,13777,13554,1161,1347
2022,Haven,Astra,Défense,2004,370721.0,13213,13617,1548,1661
2022,Haven,Breach,Attaque,1736,294569.0,10792,12412,881,1470
2022,Haven,Breach,Défense,1724,316257.0,11325,12070,1206,1131
2022,Haven,Brimstone,Attaque,115,21757.0,789,839,68,73
2022,Haven,Brimstone,Défense,115,23507.0,781,781,84,99
2022,Haven,Chamber,Attaque,1151,242804.0,8973,8254,1379,1325
2022,Haven,Chamber,Défense,1139,252108.0,9210,7821,1886,1191
2022,Haven,Cypher,Attaque,633,117285.0,4244,4509,509,649
2022,Haven,Cypher,Défense,631,122102.0,4302,4448,554,518
2022,Haven,Fade,Attaque,189,35595.0,1284,1363,90,151
2022,Haven,Fade,Défense,189,36624.0,1293,1314,149,139
2022,Haven,Jett,Attaque,2845,640737.0,22465,22225,5239,5813
2022,Haven,Jett,Défense,2823,648251.0,23169,19793,5651,3612
2022,Haven,KAY/O,Attaque,510,96741.0,3378,3771,388,562
2022,Haven,KAY/O,Défense,508,103999.0,3567,3640,430,445
2022,Haven,Killjoy,Attaque,1508,300728.0,10858,10406,1177,1325
2022,Haven,Killjoy,Défense,1503,300750.0,10373,10432,1465,1330
2022,Haven,Neon,Attaque,210,46542.0,1662,1748,376,477
2022,Haven,Neon,Défense,208,44598.0,1590,1590,317,299
2022,Haven,Omen,Attaque,1208,215905.0,7945,8772,765,1047
2022,Haven,Omen,Défense,1196,221200.0,7940,8475,972,1030
2022,Haven,Phoenix,Attaque,32,7538.0,235,199,30,34
2022,Haven,Phoenix,Défense,32,7255.0,245,263,45,40
2022,Haven,Raze,Attaque,320,73473.0,2494,2465,507,551
2022,Haven,Raze,Défense,318,76010.0,2662,2328,461,336
2022,Haven,Reyna,Attaque,276,59649.0,1962,2016,316,449
2022,Haven,Reyna,Défense,272,62194.0,2201,2045,409,338
2022,Haven,Sage,Attaque,116,20557.0,711,827,73,125
2022,Haven,Sage,Défense,114,20853.0,746,810,95,88
2022,Haven,Skye,Attaque,1396,259610.0,9323,10114,952,1359
2022,Haven,Skye,Défense,1383,260599.0,9429,10028,1151,1306
2022,Haven,Sova,Attaque,2347,440902.0,15636,15900,1326,1544
2022,Haven,Sova,Défense,2336,482588.0,16144,15655,1867,1628
2022,Haven,Viper,Attaque,35,6818.0,230,229,26,18
2022,Haven,Viper,Défense,35,6579.0,216,238,24,26
2022,Haven,Yoru,Attaque,10,2103.0,65,65,11,10
2022,Haven,Yoru,Défense,10,1636.0,56,79,13,9
2022,Icebox,Astra,Attaque,13,2107.0,87,99,5,11
2022,Icebox,Astra,Défense,13,2082.0,74,93,7,12
2022,Icebox,Breach,Attaque,21,4185.0,140,153,19,17
2022,Icebox,Breach,Défense,21,3693.0,137,158,16,23
2022,Icebox,Brimstone,Attaque,22,4028.0,141,152,15,23
2022,Icebox,Brimstone,Défense,22,4724.0,146,152,12,23
2022,Icebox,Chamber,Attaque,1385,303240.0,11227,10627,1761,1861
2022,Icebox,Chamber,Défense,1378,304315.0,11283,10110,2275,1566
2022,Icebox,Cypher,Attaque,17,3409.0,118,112,14,12
2022,Icebox,Cypher,Défense,17,3976.0,126,95,10,9
2022,Icebox,Fade,Attaque,93,17636.0,656,710,46,70
2022,Icebox,Fade,Défense,93,18302.0,627,638,64,75
2022,Icebox,Jett,Attaque,2429,590832.0,20736,19589,4424,4257
2022,Icebox,Jett,Défense,2415,572628.0,20655,17818,4580,3116
2022,Icebox,KAY/O,Attaque,535,107544.0,3919,4197,460,593
2022,Icebox,KAY/O,Défense,535,112149.0,4010,4111,502,493
2022,Icebox,Killjoy,Attaque,639,133221.0,4788,4456,512,559
2022,Icebox,Killjoy,Défense,634,132974.0,4689,4571,524,478
2022,Icebox,Neon,Attaque,24,4696.0,167,194,26,43
2022,Icebox,Neon,Défense,24,5886.0,194,188,42,31
2022,Icebox,Omen,Attaque,147,28898.0,1028,1117,142,161
2022,Icebox,Omen,Défense,146,26940.0,971,1033,151,150
2022,Icebox,Phoenix,Attaque,1,147.0,6,12,1,4
2022,Icebox,Phoenix,Défense,1,83.0,1,3,1,1
2022,Icebox,Raze,Attaque,206,49038.0,1684,1721,301,337
2022,Icebox,Raze,Défense,206,51025.0,1739,1590,257,221
2022,Icebox,Reyna,Attaque,1035,249149.0,8866,7945,1450,1521
2022,Icebox,Reyna,Défense,1032,242462.0,8275,7776,1460,1361
2022,Icebox,Sage,Attaque,2453,408626.0,15097,17794,1490,2365
2022,Icebox,Sage,Défense,2439,456204.0,16149,17696,1960,2168
2022,Icebox,Skye,Attaque,31,5396.0,173,198,20,31
2022,Icebox,Skye,Défense,31,5282.0,169,265,18,42
2022,Icebox,Sova,Attaque,2861,523732.0,19161,19954,1401,1715
2022,Icebox,Sova,Défense,2844,586076.0,19781,20426,2024,1862
2022,Icebox,Viper,Attaque,2922,583879.0,20916,20819,2054,2582
2022,Icebox,Viper,Défense,2911,559765.0,19582,20871,2274,2504
2022,Icebox,Yoru,Attaque,5,647.0,24,46,13,14
2022,Icebox,Yoru,Défense,5,1123.0,46,36,8,1
2022,Pearl,Astra,Attaque,15,2895.0,103,110,11,9
2022,Pearl,Astra,Défense,15,2972.0,108,100,14,9
2022,Pearl,Chamber,Attaque,16,3203.0,127,123,22,23
2022,Pearl,Chamber,Défense,16,4474.0,164,101,36,20
2022,Pearl,Cypher,Attaque,1,206.0,5,7,1,1
2022,Pearl,Cypher,Défense,1,118.0,5,9,1,1
2022,Pearl,Fade,Attaque,16,2750.0,103,117,9,13
2022,Pearl,Fade,Défense,16,2898.0,103,103,10,10
2022,Pearl,KAY/O,Attaque,9,1668.0,56,72,7,17
2022,Pearl,KAY/O,Défense,9,1704.0,60,64,11,6
2022,Pearl,Neon,Attaque,7,1200.0,47,62,12,18
2022,Pearl,Neon,Défense,7,1211.0,49,56,9,13
2022,Pearl,Omen,Attaque,3,479.0,19,19,2,1
2022,Pearl,Omen,Défense,3,539.0,22,25,4,7
2022,Pearl,Phoenix,Attaque,1,299.0,5,5,1,1
2022,Pearl,Phoenix,Défense,1,116.0,4,11,1,2
2022,Pearl,Raze,Attaque,5,1167.0,43,44,11,8
2022,Pearl,Raze,Défense,5,1170.0,39,39,8,9
2022,Pearl,Sage,Attaque,4,741.0,31,34,4,5
2022,Pearl,Sage,Défense,4,797.0,30,22,2,3
2022,Pearl,Skye,Attaque,4,684.0,31,31,4,3
2022,Pearl,Skye,Défense,4,1011.0,36,28,4,1
2022,Pearl,Viper,Attaque,9,1859.0,61,57,1,6
2022,Pearl,Viper,Défense,9,1491.0,53,65,5,4
2022,Split,Astra,Attaque,1330,246073.0,9175,9543,688,840
2022,Split,Astra,Défense,1325,252054.0,9104,8794,1018,972
2022,Split,Breach,Attaque,784,131475.0,4864,5763,340,477
2022,Split,Breach,Défense,780,142381.0,5257,5396,527,469
2022,Split,Brimstone,Attaque,40,7069.0,213,274,19,22
2022,Split,Brimstone,Défense,40,7736.0,291,297,36,27
2022,Split,Chamber,Attaque,773,165656.0,6034,5900,918,980
2022,Split,Chamber,Défense,772,176493.0,6513,5214,1525,812
2022,Split,Cypher,Attaque,579,106937.0,3948,4343,441,612
2022,Split,Cypher,Défense,574,111157.0,4006,3808,512,388
2022,Split,Fade,Attaque,78,15148.0,551,567,37,54
2022,Split,Fade,Défense,78,14931.0,545,571,59,64
2022,Split,Jett,Attaque,773,173199.0,5993,6275,1355,1561
2022,Split,Jett,Défense,772,191179.0,6834,5430,1681,977
2022,Split,KAY/O,Attaque,370,67359.0,2351,2896,243,357
2022,Split,KAY/O,Défense,367,76303.0,2633,2508,355,283
2022,Split,Killjoy,Attaque,448,87338.0,3039,3202,290,384
2022,Split,Killjoy,Défense,448,94703.0,3381,3038,500,343
2022,Split,Neon,Attaque,105,21459.0,757,881,197,277
2022,Split,Neon,Défense,105,23920.0,865,745,154,134
2022,Split,Omen,Attaque,694,125754.0,4676,4991,322,441
2022,Split,Omen,Défense,692,134429.0,4996,4831,571,563
2022,Split,Phoenix,Attaque,4,660.0,16,30,2,6
2022,Split,Phoenix,Défense,4,1199.0,33,21,8,2
2022,Split,Raze,Attaque,1535,340320.0,11692,12736,2443,3212
2022,Split,Raze,Défense,1528,389798.0,13166,11237,2212,1604
2022,Split,Reyna,Attaque,154,34627.0,1212,1199,215,233
2022,Split,Reyna,Défense,153,34016.0,1217,1179,219,211
2022,Split,Sage,Attaque,1153,203464.0,7296,8446,688,1012
2022,Split,Sage,Défense,1147,227301.0,8081,7873,1070,996
2022,Split,Skye,Attaque,782,142174.0,5072,5783,450,679
2022,Split,Skye,Défense,776,151722.0,5590,5568,728,692
2022,Split,Sova,Attaque,17,3097.0,108,144,7,14
2022,Split,Sova,Défense,17,3429.0,110,119,15,17
2022,Split,Viper,Attaque,641,122602.0,4411,4660,468,663
2022,Split,Viper,Défense,640,130783.0,4522,4218,640,563
2022,Split,Yoru,Attaque,5,697.0,20,39,5,9
2022,Split,Yoru,Défense,5,765.0,31,34,7,5
2023,Ascent,Astra,Attaque,10,1534.0,65,81,3,5
2023,Ascent,Astra,Défense,10,1952.0,59,61,7,7
2023,Ascent,Breach,Attaque,4,454.0,10,26,0,1
2023,Ascent,Breach,Défense,4,556.0,22,27,1,4
2023,Ascent,Cypher,Attaque,18,3680.0,154,141,17,21
2023,Ascent,Cypher,Défense,18,4113.0,166,127,30,13
2023,Ascent,Fade,Attaque,27,5281.0,190,185,15,11
2023,Ascent,Fade,Défense,27,4957.0,184,177,17,20
2023,Ascent,Gekko,Attaque,2,259.0,10,15,1,3
2023,Ascent,Gekko,Défense,2,454.0,17,14,3,2
2023,Ascent,Harbor,Attaque,5,959.0,37,43,4,7
2023,Ascent,Harbor,Défense,5,984.0,41,47,8,4
2023,Ascent,Jett,Attaque,239,49597.0,1855,2028,469,605
2023,Ascent,Jett,Défense,239,57492.0,2187,1714,525,294
2023,Ascent,KAY/O,Attaque,228,42317.0,1529,1774,155,230
2023,Ascent,KAY/O,Défense,228,47187.0,1691,1659,221,221
2023,Ascent,Killjoy,Attaque,209,40855.0,1535,1592,160,211
2023,Ascent,Killjoy,Défense,209,41974.0,1542,1489,193,179
2023,Ascent,Neon,Attaque,2,256.0,11,18,0,6
2023,Ascent,Neon,Défense,2,799.0,19,10,5,0
2023,Ascent,Omen,Attaque,236,43388.0,1644,1768,143,211
2023,Ascent,Omen,Défense,236,44431.0,1637,1724,233,212
2023,Ascent,Phoenix,Attaque,2,333.0,12,13,3,1
2023,Ascent,Phoenix,Défense,2,319.0,14,19,2,7
2023,Ascent,Raze,Attaque,8,1862.0,75,81,19,19
2023,Ascent,Raze,Défense,8,2025.0,95,75,18,12
2023,Ascent,Reyna,Attaque,4,912.0,43,37,7,6
2023,Ascent,Reyna,Défense,4,1242.0,56,27,12,4
2023,Ascent,Sage,Attaque,6,1193.0,47,40,6,4
2023,Ascent,Sage,Défense,6,1144.0,31,44,8,8
2023,Ascent,Skye,Attaque,18,2951.0,112,124,14,17
2023,Ascent,Skye,Défense,18,3660.0,128,125,19,16
2023,Ascent,Sova,Attaque,204,37714.0,1492,1544,123,126
2023,Ascent,Sova,Défense,204,40708.0,1498,1369,179,139
2023,Ascent,Viper,Attaque,28,5151.0,206,237,22,28
2023,Ascent,Viper,Défense,28,5667.0,206,175,31,19
2023,Bind,Astra,Attaque,15,2697.0,98,120,9,15
2023,Bind,Astra,Défense,15,3519.0,148,129,25,11
2023,Bind,Breach,Attaque,7,1145.0,51,68,6,3
2023,Bind,Breach,Défense,7,1316.0,49,52,2,3
2023,Bind,Brimstone,Attaque,83,13494.0,509,663,37,78
2023,Bind,Brimstone,Défense,83,16402.0,633,606,68,75
2023,Bind,Chamber,Attaque,17,3806.0,153,143,36,26
2023,Bind,Chamber,Défense,17,3448.0,120,104,30,18
2023,Bind,Cypher,Attaque,17,2954.0,114,116,13,20
2023,Bind,Cypher,Défense,17,3425.0,128,125,21,13
2023,Bind,Fade,Attaque,16,2504.0,107,133,7,13
2023,Bind,Fade,Défense,16,3087.0,128,97,11,11
2023,Bind,Gekko,Attaque,14,2346.0,89,102,12,17
2023,Bind,Gekko,Défense,14,2787.0,112,109,13,13
2023,Bind,Harbor,Attaque,36,6223.0,240,237,11,23
2023,Bind,Harbor,Défense,36,7282.0,270,256,42,30
2023,Bind,Jett,Attaque,29,6513.0,250,263,61,58
2023,Bind,Jett,Défense,29,6558.0,255,204,70,33
2023,Bind,KAY/O,Attaque,10,1634.0,55,86,6,10
2023,Bind,KAY/O,Défense,10,2069.0,82,69,11,10
2023,Bind,Neon,Attaque,4,954.0,39,37,5,5
2023,Bind,Neon,Défense,4,1032.0,45,37,7,10
2023,Bind,Omen,Attaque,18,3167.0,132,149,16,21
2023,Bind,Omen,Défense,18,2785.0,115,140,17,25
2023,Bind,Raze,Attaque,131,29566.0,1095,1140,251,272
2023,Bind,Raze,Défense,131,31841.0,1175,1033,223,165
2023,Bind,Reyna,Attaque,8,2013.0,82,59,21,12
2023,Bind,Reyna,Défense,8,2169.0,79,45,14,8
2023,Bind,Sage,Attaque,18,3442.0,129,148,25,20
2023,Bind,Sage,Défense,18,3387.0,136,139,22,28
2023,Bind,Skye,Attaque,135,24428.0,955,1041,67,99
2023,Bind,Skye,Défense,135,24497.0,974,971,103,110
2023,Bind,Sova,Attaque,4,621.0,23,29,0,2
2023,Bind,Sova,Défense,4,622.0,24,31,1,3
2023,Bind,Viper,Attaque,126,25668.0,998,957,96,121
2023,Bind,Viper,Défense,126,24747.0,940,896,135,122
2023,Bind,Yoru,Attaque,12,2413.0,92,97,22,20
2023,Bind,Yoru,Défense,12,2413.0,100,101,20,13
2023,Fracture,Astra,Attaque,5,664.0,21,40,1,6
2023,Fracture,Astra,Défense,5,799.0,30,34,2,6
2023,Fracture,Breach,Attaque,155,25272.0,933,1164,64,105
2023,Fracture,Breach,Défense,155,28353.0,1062,1072,94,90
2023,Fracture,Brimstone,Attaque,142,28938.0,1056,1068,109,100
2023,Fracture,Brimstone,Défense,142,27585.0,1024,977,108,112
2023,Fracture,Chamber,Attaque,3,648.0,21,20,5,3
2023,Fracture,Chamber,Défense,3,566.0,25,21,8,5
2023,Fracture,Cypher,Attaque,41,7413.0,295,306,32,49
2023,Fracture,Cypher,Défense,41,8624.0,325,293,56,40
2023,Fracture,Fade,Attaque,51,9771.0,402,376,35,39
2023,Fracture,Fade,Défense,51,10427.0,362,330,39,42
2023,Fracture,Jett,Attaque,44,9548.0,361,392,95,87
2023,Fracture,Jett,Défense,44,9722.0,391,349,105,63
2023,Fracture,KAY/O,Attaque,30,4815.0,172,232,15,31
2023,Fracture,KAY/O,Défense,30,6398.0,231,225,30,23
2023,Fracture,Killjoy,Attaque,114,22339.0,834,840,92,112
2023,Fracture,Killjoy,Défense,114,22959.0,847,775,156,101
2023,Fracture,Neon,Attaque,36,8071.0,307,296,75,85
2023,Fracture,Neon,Défense,36,8190.0,293,287,71,47
2023,Fracture,Omen,Attaque,26,5191.0,194,194,26,27
2023,Fracture,Omen,Défense,26,4357.0,170,203,29,19
2023,Fracture,Raze,Attaque,132,28009.0,1010,1093,207,283
2023,Fracture,Raze,Défense,132,31433.0,1126,986,229,184
2023,Fracture,Skye,Attaque,35,7287.0,264,253,29,36
2023,Fracture,Skye,Défense,35,6367.0,232,244,24,38
2023,Fracture,Sova,Attaque,17,3591.0,129,95,10,8
2023,Fracture,Sova,Défense,17,3291.0,115,106,18,12
2023,Fracture,Viper,Attaque,35,6646.0,252,249,23,37
2023,Fracture,Viper,Défense,35,7428.0,266,247,34,40
2023,Fracture,Yoru,Attaque,4,915.0,36,29,7,5
2023,Fracture,Yoru,Défense,4,755.0,32,29,10,3
2023,Haven,Astra,Attaque,37,6911.0,238,262,24,33
2023,Haven,Astra,Défense,37,6108.0,234,247,30,33
2023,Haven,Breach,Attaque,175,29145.0,1084,1324,93,154
2023,Haven,Breach,Défense,175,33476.0,1219,1228,112,107
2023,Haven,Chamber,Attaque,7,1025.0,37,41,3,11
2023,Haven,Chamber,Défense,7,1452.0,57,47,12,6
2023,Haven,Cypher,Attaque,14,2536.0,104,96,9,14
2023,Haven,Cypher,Défense,14,2555.0,94,102,9,10
2023,Haven,Fade,Attaque,7,1394.0,56,62,5,11
2023,Haven,Fade,Défense,7,1246.0,46,55,7,3
2023,Haven,Gekko,Attaque,13,2646.0,95,96,7,17
2023,Haven,Gekko,Défense,13,2261.0,88,91,11,10
2023,Haven,Harbor,Attaque,25,4071.0,165,193,18,19
2023,Haven,Harbor,Défense,25,4396.0,171,173,19,21
2023,Haven,Jett,Attaque,194,43579.0,1632,1621,409,426
2023,Haven,Jett,Défense,193,44851.0,1710,1345,432,264
2023,Haven,KAY/O,Attaque,7,1232.0,49,63,7,7
2023,Haven,KAY/O,Défense,7,1939.0,67,43,8,7
2023,Haven,Killjoy,Attaque,202,38770.0,1485,1477,175,173
2023,Haven,Killjoy,Défense,202,42469.0,1594,1415,255,194
2023,Haven,Omen,Attaque,160,28173.0,1065,1214,109,174
2023,Haven,Omen,Défense,160,27194.0,989,1156,148,159
2023,Haven,Phoenix,Attaque,2,507.0,15,13,1,2
2023,Haven,Phoenix,Défense,2,340.0,12,20,1,2
2023,Haven,Raze,Attaque,24,4720.0,162,213,39,71
2023,Haven,Raze,Défense,24,5877.0,224,192,44,38
2023,Haven,Sage,Attaque,1,248.0,13,10,0,0
2023,Haven,Sage,Défense,1,141.0,6,6,1,0
2023,Haven,Skye,Attaque,52,10792.0,415,374,35,37
2023,Haven,Skye,Défense,52,10582.0,376,384,45,54
2023,Haven,Sova,Attaque,149,29314.0,1085,1033,89,100
2023,Haven,Sova,Défense,148,30581.0,1055,1022,123,114
2023,Haven,Viper,Attaque,30,5642.0,204,223,27,37
2023,Haven,Viper,Défense,30,5939.0,206,207,27,27
2023,Haven,Yoru,Attaque,1,194.0,7,10,1,1
2023,Haven,Yoru,Défense,1,173.0,7,10,3,1
2023,Icebox,Cypher,Attaque,2,430.0,18,23,3,6
2023,Icebox,Cypher,Défense,2,201.0,9,17,2,3
2023,Icebox,Fade,Attaque,2,375.0,16,21,0,2
2023,Icebox,Fade,Défense,2,462.0,12,10,4,0
2023,Icebox,Gekko,Attaque,3,698.0,25,25,5,4
2023,Icebox,Gekko,Défense,3,427.0,21,29,1,3
2023,Icebox,Harbor,Attaque,27,4114.0,166,205,9,33
2023,Icebox,Harbor,Défense,27,4631.0,164,193,20,23
2023,Icebox,Jett,Attaque,48,12046.0,435,374,94,102
2023,Icebox,Jett,Défense,48,11248.0,416,331,112,49
2023,Icebox,KAY/O,Attaque,14,2944.0,111,130,13,17
2023,Icebox,KAY/O,Défense,14,3204.0,123,112,22,13
2023,Icebox,Killjoy,Attaque,62,11942.0,434,451,62,54
2023,Icebox,Killjoy,Défense,62,12248.0,467,434,53,50
2023,Icebox,Omen,Attaque,7,1449.0,63,67,13,21
2023,Icebox,Omen,Défense,7,1385.0,58,61,8,14
2023,Icebox,Raze,Attaque,1,220.0,5,7,1,0
2023,Icebox,Raze,Défense,1,187.0,7,10,0,1
2023,Icebox,Sage,Attaque,37,6315.0,218,278,20,41
2023,Icebox,Sage,Défense,37,6990.0,271,276,42,45
2023,Icebox,Skye,Attaque,7,1569.0,59,46,0,5
2023,Icebox,Skye,Défense,7,1381.0,51,56,10,4
2023,Icebox,Sova,Attaque,54,10538.0,384,398,29,44
2023,Icebox,Sova,Défense,54,11825.0,416,366,47,38
2023,Icebox,Viper,Attaque,66,13449.0,480,503,60,59
2023,Icebox,Viper,Défense,65,12996.0,471,475,67,64
2023,Lotus,Astra,Attaque,33,5688.0,252,223,29,24
2023,Lotus,Astra,Défense,33,6492.0,205,199,28,33
2023,Lotus,Breach,Attaque,65,11935.0,443,445,33,32
2023,Lotus,Breach,Défense,65,11278.0,404,495,36,45
2023,Lotus,Brimstone,Attaque,4,566.0,20,37,7,9
2023,Lotus,Brimstone,Défense,4,623.0,19,30,5,5
2023,Lotus,Chamber,Attaque,5,1285.0,50,31,11,8
2023,Lotus,Chamber,Défense,5,1510.0,54,32,10,3
2023,Lotus,Cypher,Attaque,23,4025.0,143,153,13,24
2023,Lotus,Cypher,Défense,23,4225.0,153,174,26,16
2023,Lotus,Fade,Attaque,66,11674.0,497,477,36,48
2023,Lotus,Fade,Défense,65,11959.0,436,446,36,52
2023,Lotus,Gekko,Attaque,15,2603.0,97,114,6,13
2023,Lotus,Gekko,Défense,15,2188.0,97,132,12,19
2023,Lotus,Harbor,Attaque,19,3160.0,115,136,9,20
2023,Lotus,Harbor,Défense,19,3606.0,137,151,20,11
2023,Lotus,Jett,Attaque,78,18873.0,647,595,171,149
2023,Lotus,Jett,Défense,78,16762.0,645,575,162,110
2023,Lotus,KAY/O,Attaque,30,5757.0,218,232,18,21
2023,Lotus,KAY/O,Défense,30,6040.0,218,238,20,21
2023,Lotus,Killjoy,Attaque,213,41207.0,1630,1483,184,166
2023,Lotus,Killjoy,Défense,213,44336.0,1626,1572,207,200
2023,Lotus,Neon,Attaque,54,12812.0,471,428,123,141
2023,Lotus,Neon,Défense,54,11000.0,395,444,105,92
2023,Lotus,Omen,Attaque,200,37153.0,1423,1472,151,195
2023,Lotus,Omen,Défense,199,35608.0,1342,1611,227,231
2023,Lotus,Raze,Attaque,129,31205.0,1196,1072,253,257
2023,Lotus,Raze,Défense,129,31475.0,1073,981,212,183
2023,Lotus,Reyna,Attaque,2,348.0,11,19,4,2
2023,Lotus,Reyna,Défense,2,424.0,13,10,4,1
2023,Lotus,Sage,Attaque,5,784.0,28,31,2,4
2023,Lotus,Sage,Défense,5,961.0,38,40,7,6
2023,Lotus,Skye,Attaque,134,25745.0,989,981,76,105
2023,Lotus,Skye,Défense,134,26314.0,995,1046,122,104
2023,Lotus,Sova,Attaque,25,4640.0,182,190,14,18
2023,Lotus,Sova,Défense,25,4647.0,164,176,19,18
2023,Lotus,Viper,Attaque,157,32736.0,1276,1158,164,159
2023,Lotus,Viper,Défense,157,29339.0,1087,1147,141,148
2023,Lotus,Yoru,Attaque,3,630.0,19,28,2,5
2023,Lotus,Yoru,Défense,3,511.0,21,29,1,7
2023,Pearl,Astra,Attaque,97,16079.0,610,702,60,77
2023,Pearl,Astra,Défense,97,17994.0,684,643,79,91
2023,Pearl,Breach,Attaque,7,1332.0,45,61,6,4
2023,Pearl,Breach,Défense,7,1099.0,42,55,4,7
2023,Pearl,Brimstone,Attaque,4,851.0,22,28,6,3
2023,Pearl,Brimstone,Défense,4,819.0,37,34,4,4
2023,Pearl,Cypher,Attaque,12,1951.0,71,81,10,12
2023,Pearl,Cypher,Défense,12,2493.0,97,75,7,5
2023,Pearl,Fade,Attaque,26,4627.0,182,200,16,17
2023,Pearl,Fade,Défense,26,5246.0,168,196,26,20
2023,Pearl,Gekko,Attaque,8,1107.0,42,70,4,11
2023,Pearl,Gekko,Défense,8,1848.0,69,49,9,7
2023,Pearl,Harbor,Attaque,115,19336.0,756,909,59,112
2023,Pearl,Harbor,Défense,115,21533.0,820,878,104,89
2023,Pearl,Jett,Attaque,183,41617.0,1602,1564,375,420
2023,Pearl,Jett,Défense,182,41759.0,1619,1326,415,276
2023,Pearl,KAY/O,Attaque,58,10901.0,382,478,35,68
2023,Pearl,KAY/O,Défense,58,11530.0,400,412,50,56
2023,Pearl,Killjoy,Attaque,178,35812.0,1355,1347,143,149
2023,Pearl,Killjoy,Défense,178,37843.0,1384,1291,194,156
2023,Pearl,Neon,Attaque,3,861.0,36,31,8,10
2023,Pearl,Neon,Défense,3,796.0,31,21,5,4
2023,Pearl,Omen,Attaque,6,1219.0,51,64,7,8
2023,Pearl,Omen,Défense,6,1147.0,42,40,5,6
2023,Pearl,Phoenix,Attaque,20,4391.0,162,173,28,31
2023,Pearl,Phoenix,Défense,20,4759.0,170,132,25,25
2023,Pearl,Raze,Attaque,6,1261.0,51,54,11,8
2023,Pearl,Raze,Défense,6,1341.0,53,46,10,10
2023,Pearl,Reyna,Attaque,1,102.0,4,10,1,1
2023,Pearl,Reyna,Défense,1,277.0,10,10,3,0
2023,Pearl,Sage,Attaque,6,1040.0,39,40,5,5
2023,Pearl,Sage,Défense,6,1132.0,42,36,5,4
2023,Pearl,Skye,Attaque,147,26205.0,1024,1140,97,126
2023,Pearl,Skye,Défense,147,27924.0,1066,1081,108,111
2023,Pearl,Sova,Attaque,23,3980.0,152,188,18,25
2023,Pearl,Sova,Défense,23,4746.0,180,179,32,23
2023,Pearl,Viper,Attaque,123,25445.0,975,886,109,125
2023,Pearl,Viper,Défense,123,25056.0,897,862,123,112
2023,Pearl,Yoru,Attaque,7,1399.0,47,56,12,13
2023,Pearl,Yoru,Défense,7,1898.0,79,55,17,4
2023,Split,Astra,Attaque,177,30649.0,1189,1287,76,113
2023,Split,Astra,Défense,176,32331.0,1227,1193,139,162
2023,Split,Breach,Attaque,46,7813.0,311,335,21,30
2023,Split,Breach,Défense,46,8518.0,270,300,36,28
2023,Split,Chamber,Attaque,10,2135.0,85,70,12,10
2023,Split,Chamber,Défense,10,1742.0,67,74,18,13
2023,Split,Cypher,Attaque,65,12055.0,465,465,48,43
2023,Split,Cypher,Défense,65,12742.0,468,451,71,59
2023,Split,Fade,Attaque,2,209.0,6,15,0,1
2023,Split,Fade,Défense,2,364.0,16,11,0,1
2023,Split,Gekko,Attaque,6,1141.0,38,50,7,8
2023,Split,Gekko,Défense,6,1088.0,35,44,5,4
2023,Split,Jett,Attaque,131,28127.0,1120,1031,220,263
2023,Split,Jett,Défense,130,29758.0,1105,892,239,128
2023,Split,KAY/O,Attaque,32,5627.0,197,246,15,25
2023,Split,KAY/O,Défense,32,6061.0,221,238,29,32
2023,Split,Killjoy,Attaque,25,4509.0,177,187,16,25
2023,Split,Killjoy,Défense,25,4893.0,165,168,25,22
2023,Split,Neon,Attaque,5,1087.0,45,48,7,18
2023,Split,Neon,Défense,5,1161.0,42,35,12,9
2023,Split,Omen,Attaque,57,9731.0,343,377,36,41
2023,Split,Omen,Défense,57,10163.0,353,397,58,50
2023,Split,Raze,Attaque,206,46468.0,1685,1689,381,450
2023,Split,Raze,Défense,205,49679.0,1738,1579,329,237
2023,Split,Reyna,Attaque,1,209.0,6,5,2,0
2023,Split,Reyna,Défense,1,148.0,6,9,2,1
2023,Split,Sage,Attaque,41,7120.0,267,313,39,45
2023,Split,Sage,Défense,41,7547.0,297,303,43,40
2023,Split,Skye,Attaque,206,37115.0,1381,1498,134,155
2023,Split,Skye,Défense,205,39492.0,1482,1457,187,174
2023,Split,Viper,Attaque,158,30258.0,1125,1143,101,129
2023,Split,Viper,Défense,157,31990.0,1171,1170,166,157
2023,Split,Yoru,Attaque,2,312.0,12,22,5,3
2023,Split,Yoru,Défense,2,487.0,10,10,0,3
2024,Abyss,Astra,Attaque,16,2935.0,117,126,8,10
2024,Abyss,Astra,Défense,16,2569.0,104,122,13,12
2024,Abyss,Breach,Attaque,3,505.0,21,25,2,2
2024,Abyss,Breach,Défense,3,723.0,26,11,2,2
2024,Abyss,Cypher,Attaque,29,5618.0,205,229,32,41
2024,Abyss,Cypher,Défense,29,5503.0,221,228,38,36
2024,Abyss,Deadlock,Attaque,1,186.0,8,9,2,1
2024,Abyss,Deadlock,Défense,1,170.0,7,7,1,0
2024,Abyss,Fade,Attaque,1,257.0,12,9,3,1
2024,Abyss,Fade,Défense,1,326.0,15,9,2,2
2024,Abyss,Gekko,Attaque,10,2050.0,76,79,9,5
2024,Abyss,Gekko,Défense,10,1827.0,76,79,6,9
2024,Abyss,Harbor,Attaque,5,1020.0,37,40,3,5
2024,Abyss,Harbor,Défense,5,1170.0,48,36,5,4
2024,Abyss,Iso,Attaque,1,367.0,14,9,3,2
2024,Abyss,Iso,Défense,1,181.0,3,5,0,1
2024,Abyss,Jett,Attaque,29,6172.0,229,240,53,64
2024,Abyss,Jett,Défense,29,6057.0,250,226,58,47
2024,Abyss,KAY/O,Attaque,16,3022.0,108,126,8,9
2024,Abyss,KAY/O,Défense,16,3475.0,116,113,13,16
2024,Abyss,Killjoy,Attaque,5,1056.0,47,47,5,4
2024,Abyss,Killjoy,Défense,5,1076.0,42,36,4,2
2024,Abyss,Neon,Attaque,2,274.0,10,21,3,7
2024,Abyss,Neon,Défense,2,507.0,12,9,3,1
2024,Abyss,Omen,Attaque,24,4199.0,163,187,11,21
2024,Abyss,Omen,Défense,24,5333.0,195,159,26,20
2024,Abyss,Phoenix,Attaque,1,161.0,8,7,2,1
2024,Abyss,Phoenix,Défense,1,276.0,9,3,1,0
2024,Abyss,Raze,Attaque,1,188.0,7,9,4,3
2024,Abyss,Raze,Défense,1,323.0,14,5,2,3
2024,Abyss,Sova,Attaque,34,5726.0,214,261,26,31
2024,Abyss,Sova,Défense,34,7270.0,276,235,28,18
2024,Abyss,Viper,Attaque,6,1070.0,47,54,6,4
2024,Abyss,Viper,Défense,6,1313.0,51,50,6,9
2024,Abyss,Yoru,Attaque,6,1430.0,62,56,13,11
2024,Abyss,Yoru,Défense,6,1084.0,42,52,14,11
2024,Ascent,Astra,Attaque,1,85.0,3,7,1,0
2024,Ascent,Astra,Défense,1,150.0,7,8,1,1
2024,Ascent,Breach,Attaque,6,897.0,36,50,5,5
2024,Ascent,Breach,Défense,6,1201.0,44,42,9,3
2024,Ascent,Clove,Attaque,5,1104.0,46,53,8,12
2024,Ascent,Clove,Défense,5,1081.0,29,40,5,6
2024,Ascent,Cypher,Attaque,51,8749.0,343,400,35,61
2024,Ascent,Cypher,Défense,51,9147.0,327,315,36,30
2024,Ascent,Deadlock,Attaque,7,1416.0,53,53,8,9
2024,Ascent,Deadlock,Défense,7,1417.0,48,53,4,7
2024,Ascent,Fade,Attaque,10,1628.0,67,82,10,9
2024,Ascent,Fade,Défense,10,2041.0,69,78,11,13
2024,Ascent,Gekko,Attaque,5,1025.0,43,38,8,4
2024,Ascent,Gekko,Défense,5,954.0,35,31,10,6
2024,Ascent,Harbor,Attaque,4,747.0,20,27,1,3
2024,Ascent,Harbor,Défense,4,863.0,39,34,6,6
2024,Ascent,Iso,Attaque,3,408.0,13,21,0,6
2024,Ascent,Iso,Défense,3,583.0,23,29,4,7
2024,Ascent,Jett,Attaque,172,39912.0,1462,1417,338,409
2024,Ascent,Jett,Défense,172,40158.0,1570,1238,377,227
2024,Ascent,KAY/O,Attaque,171,31123.0,1101,1307,115,158
2024,Ascent,KAY/O,Défense,171,35755.0,1312,1217,175,150
2024,Ascent,Killjoy,Attaque,126,24326.0,897,935,105,127
2024,Ascent,Killjoy,Défense,126,25283.0,942,894,128,106
2024,Ascent,Neon,Attaque,1,127.0,6,9,0,5
2024,Ascent,Neon,Défense,1,226.0,10,7,2,1
2024,Ascent,Omen,Attaque,195,35138.0,1335,1438,104,165
2024,Ascent,Omen,Défense,195,35605.0,1349,1362,198,167
2024,Ascent,Phoenix,Attaque,8,1361.0,57,73,9,16
2024,Ascent,Phoenix,Défense,8,1627.0,57,41,11,6
2024,Ascent,Raze,Attaque,13,3182.0,128,120,30,33
2024,Ascent,Raze,Défense,13,2688.0,89,107,14,22
2024,Ascent,Reyna,Attaque,4,725.0,21,32,4,4
2024,Ascent,Reyna,Défense,4,1011.0,46,27,9,6
2024,Ascent,Sage,Attaque,6,1112.0,43,51,6,6
2024,Ascent,Sage,Défense,6,1256.0,52,44,5,8
2024,Ascent,Skye,Attaque,6,1210.0,49,42,6,6
2024,Ascent,Skye,Défense,6,1217.0,53,50,7,3
2024,Ascent,Sova,Attaque,172,30684.0,1096,1221,97,121
2024,Ascent,Sova,Défense,172,35401.0,1241,1150,155,115
2024,Ascent,Viper,Attaque,27,4526.0,189,215,20,25
2024,Ascent,Viper,Défense,27,5733.0,206,194,21,24
2024,Ascent,Yoru,Attaque,7,1338.0,51,56,12,13
2024,Ascent,Yoru,Défense,7,1376.0,50,53,9,8
2024,Bind,Astra,Attaque,7,1114.0,45,45,4,8
2024,Bind,Astra,Défense,7,1241.0,53,47,10,8
2024,Bind,Breach,Attaque,10,1499.0,55,76,12,11
2024,Bind,Breach,Défense,10,1540.0,61,79,8,13
2024,Bind,Brimstone,Attaque,152,29630.0,1108,1090,81,118
2024,Bind,Brimstone,Défense,152,32000.0,1197,1109,137,123
2024,Bind,Chamber,Attaque,2,444.0,16,15,3,2
2024,Bind,Chamber,Défense,2,480.0,21,12,8,4
2024,Bind,Clove,Attaque,1,136.0,2,3,0,1
2024,Bind,Clove,Défense,1,266.0,12,7,2,0
2024,Bind,Cypher,Attaque,37,7063.0,278,270,39,33
2024,Bind,Cypher,Défense,37,7681.0,312,270,42,31
2024,Bind,Deadlock,Attaque,8,1416.0,55,56,3,12
2024,Bind,Deadlock,Défense,8,1237.0,47,62,8,10
2024,Bind,Fade,Attaque,54,9590.0,360,387,39,44
2024,Bind,Fade,Défense,54,8760.0,336,386,34,44
2024,Bind,Gekko,Attaque,127,21128.0,832,970,85,136
2024,Bind,Gekko,Défense,127,24317.0,905,934,138,122
2024,Bind,Harbor,Attaque,21,3737.0,154,163,16,30
2024,Bind,Harbor,Défense,21,4484.0,163,143,24,22
2024,Bind,Jett,Attaque,1,273.0,12,8,1,2
2024,Bind,Jett,Défense,1,112.0,4,11,2,0
2024,Bind,KAY/O,Attaque,34,6463.0,237,261,32,30
2024,Bind,KAY/O,Défense,34,6881.0,239,256,34,32
2024,Bind,Neon,Attaque,3,687.0,26,24,3,10
2024,Bind,Neon,Défense,3,726.0,27,30,8,2
2024,Bind,Omen,Attaque,33,5391.0,222,256,18,26
2024,Bind,Omen,Défense,33,6064.0,233,220,33,27
2024,Bind,Phoenix,Attaque,2,618.0,28,16,7,4
2024,Bind,Phoenix,Défense,2,326.0,12,19,1,3
2024,Bind,Raze,Attaque,185,42038.0,1553,1513,357,365
2024,Bind,Raze,Défense,185,40594.0,1516,1419,318,236
2024,Bind,Reyna,Attaque,3,625.0,28,27,5,5
2024,Bind,Reyna,Défense,3,516.0,25,20,5,2
2024,Bind,Sage,Attaque,3,509.0,19,20,1,1
2024,Bind,Sage,Défense,3,625.0,27,22,3,2
2024,Bind,Skye,Attaque,116,20959.0,794,858,98,101
2024,Bind,Skye,Défense,116,19558.0,750,864,102,119
2024,Bind,Sova,Attaque,7,1118.0,43,50,3,6
2024,Bind,Sova,Défense,7,1111.0,43,56,3,9
2024,Bind,Viper,Attaque,178,35987.0,1397,1283,171,175
2024,Bind,Viper,Défense,178,35989.0,1327,1255,193,185
2024,Bind,Yoru,Attaque,26,5407.0,195,208,44,51
2024,Bind,Yoru,Défense,26,6268.0,247,212,58,28
2024,Breeze,Astra,Attaque,21,3920.0,152,133,12,10
2024,Breeze,Astra,Défense,21,4439.0,152,135,25,14
2024,Breeze,Cypher,Attaque,97,18471.0,677,728,94,104
2024,Breeze,Cypher,Défense,96,18438.0,684,606,79,66
2024,Breeze,Harbor,Attaque,12,1782.0,76,113,6,12
2024,Breeze,Harbor,Défense,12,2530.0,105,99,10,14
2024,Breeze,Jett,Attaque,76,17459.0,650,599,143,158
2024,Breeze,Jett,Défense,76,16612.0,649,557,151,115
2024,Breeze,KAY/O,Attaque,53,9299.0,324,414,37,61
2024,Breeze,KAY/O,Défense,53,10135.0,384,381,59,41
2024,Breeze,Neon,Attaque,3,446.0,20,33,3,13
2024,Breeze,Neon,Défense,3,905.0,41,22,8,5
2024,Breeze,Omen,Attaque,7,1044.0,34,54,9,15
2024,Breeze,Omen,Défense,7,1358.0,46,55,11,8
2024,Breeze,Phoenix,Attaque,2,427.0,19,20,4,6
2024,Breeze,Phoenix,Défense,2,686.0,15,7,3,1
2024,Breeze,Skye,Attaque,6,1036.0,39,52,6,10
2024,Breeze,Skye,Défense,6,951.0,36,53,3,9
2024,Breeze,Sova,Attaque,107,18749.0,657,776,69,77
2024,Breeze,Sova,Défense,107,21437.0,786,727,97,64
2024,Breeze,Viper,Attaque,111,20213.0,752,759,56,71
2024,Breeze,Viper,Défense,111,20349.0,737,734,91,90
2024,Breeze,Yoru,Attaque,65,13173.0,483,505,86,105
2024,Breeze,Yoru,Défense,65,13924.0,522,479,105,98
2024,Haven,Astra,Attaque,2,469.0,17,12,1,1
2024,Haven,Astra,Défense,2,479.0,20,16,1,1
2024,Haven,Breach,Attaque,47,8011.0,311,338,21,31
2024,Haven,Breach,Défense,47,8208.0,307,328,19,26
2024,Haven,Clove,Attaque,2,392.0,12,12,1,1
2024,Haven,Clove,Défense,2,391.0,16,21,3,5
2024,Haven,Cypher,Attaque,41,8006.0,299,284,41,30
2024,Haven,Cypher,Défense,41,8011.0,293,266,42,25
2024,Haven,Deadlock,Attaque,1,71.0,2,6,1,0
2024,Haven,Deadlock,Défense,1,69.0,2,12,0,2
2024,Haven,Fade,Attaque,2,302.0,11,13,2,1
2024,Haven,Fade,Défense,2,283.0,10,14,0,1
2024,Haven,Gekko,Attaque,5,655.0,26,46,4,9
2024,Haven,Gekko,Défense,5,891.0,28,41,6,6
2024,Haven,Harbor,Attaque,1,151.0,6,11,0,3
2024,Haven,Harbor,Défense,1,191.0,2,4,0,0
2024,Haven,Iso,Attaque,14,3611.0,117,85,17,15
2024,Haven,Iso,Défense,14,3602.0,130,108,24,20
2024,Haven,Jett,Attaque,30,6826.0,249,251,57,68
2024,Haven,Jett,Défense,29,5311.0,194,215,50,44
2024,Haven,KAY/O,Attaque,2,409.0,18,18,2,2
2024,Haven,KAY/O,Défense,2,434.0,15,16,4,1
2024,Haven,Killjoy,Attaque,30,4969.0,190,223,30,34
2024,Haven,Killjoy,Défense,30,5322.0,184,217,31,30
2024,Haven,Neon,Attaque,28,6298.0,228,224,49,61
2024,Haven,Neon,Défense,28,7056.0,274,241,71,48
2024,Haven,Omen,Attaque,69,12677.0,462,473,45,72
2024,Haven,Omen,Défense,69,12884.0,484,483,65,56
2024,Haven,Raze,Attaque,1,291.0,10,9,3,0
2024,Haven,Raze,Défense,1,166.0,6,7,1,1
2024,Haven,Sage,Attaque,2,178.0,7,13,0,3
2024,Haven,Sage,Défense,2,373.0,15,15,2,2
2024,Haven,Skye,Attaque,5,842.0,31,26,3,1
2024,Haven,Skye,Défense,5,894.0,37,44,8,6
2024,Haven,Sova,Attaque,56,10562.0,401,384,43,44
2024,Haven,Sova,Défense,56,11381.0,385,360,49,50
2024,Haven,Viper,Attaque,8,1352.0,49,56,7,5
2024,Haven,Viper,Défense,8,1683.0,58,55,5,6
2024,Haven,Yoru,Attaque,14,3102.0,99,103,22,22
2024,Haven,Yoru,Défense,14,3335.0,124,81,22,19
2024,Icebox,Brimstone,Attaque,2,463.0,18,19,2,3
2024,Icebox,Brimstone,Défense,2,590.0,23,14,5,1
2024,Icebox,Chamber,Attaque,8,1690.0,71,66,10,11
2024,Icebox,Chamber,Défense,8,1502.0,55,55,16,6
2024,Icebox,Clove,Attaque,8,1903.0,73,62,14,9
2024,Icebox,Clove,Défense,8,2178.0,54,71,8,12
2024,Icebox,Cypher,Attaque,1,114.0,3,5,1,0
2024,Icebox,Cypher,Défense,1,152.0,5,10,3,1
2024,Icebox,Deadlock,Attaque,2,222.0,7,16,1,5
2024,Icebox,Deadlock,Défense,2,531.0,23,19,7,2
2024,Icebox,Fade,Attaque,1,132.0,4,6,0,0
2024,Icebox,Fade,Défense,1,196.0,8,10,1,1
2024,Icebox,Gekko,Attaque,126,21018.0,778,919,87,127
2024,Icebox,Gekko,Défense,126,22475.0,864,963,105,124
2024,Icebox,Harbor,Attaque,62,11360.0,426,450,35,46
2024,Icebox,Harbor,Défense,62,10570.0,392,482,51,69
2024,Icebox,Iso,Attaque,7,1766.0,55,44,17,8
2024,Icebox,Iso,Défense,7,1467.0,58,64,17,14
2024,Icebox,Jett,Attaque,172,41707.0,1589,1438,370,316
2024,Icebox,Jett,Défense,171,40179.0,1528,1223,367,233
2024,Icebox,KAY/O,Attaque,106,18944.0,702,808,64,101
2024,Icebox,KAY/O,Défense,106,22906.0,814,791,101,96
2024,Icebox,Killjoy,Attaque,234,44426.0,1680,1677,194,232
2024,Icebox,Killjoy,Défense,234,49113.0,1827,1707,215,196
2024,Icebox,Neon,Attaque,7,1481.0,55,61,17,15
2024,Icebox,Neon,Défense,7,1708.0,69,57,15,10
2024,Icebox,Omen,Attaque,14,2703.0,88,103,17,13
2024,Icebox,Omen,Défense,14,2668.0,101,109,21,14
2024,Icebox,Phoenix,Attaque,1,239.0,7,8,3,0
2024,Icebox,Phoenix,Défense,1,209.0,10,7,1,2
2024,Icebox,Raze,Attaque,6,1128.0,40,59,12,19
2024,Icebox,Raze,Défense,6,1563.0,48,32,6,9
2024,Icebox,Reyna,Attaque,17,4040.0,156,143,32,35
2024,Icebox,Reyna,Défense,16,3700.0,132,120,23,27
2024,Icebox,Sage,Attaque,55,9607.0,369,425,40,73
2024,Icebox,Sage,Défense,55,10290.0,367,384,50,43
2024,Icebox,Skye,Attaque,1,312.0,13,9,3,0
2024,Icebox,Skye,Défense,1,94.0,1,5,0,0
2024,Icebox,Sova,Attaque,159,29522.0,1115,1118,92,121
2024,Icebox,Sova,Défense,159,31791.0,1135,1189,142,145
2024,Icebox,Viper,Attaque,238,48384.0,1765,1689,207,218
2024,Icebox,Viper,Défense,237,42821.0,1589,1681,200,214
2024,Icebox,Yoru,Attaque,3,726.0,31,31,7,10
2024,Icebox,Yoru,Défense,3,721.0,23,22,8,3
2024,Lotus,Astra,Attaque,6,1270.0,55,52,7,7
2024,Lotus,Astra,Défense,6,1293.0,49,41,7,4
2024,Lotus,Breach,Attaque,79,13314.0,503,599,41,48
2024,Lotus,Breach,Défense,79,14528.0,486,541,39,44
2024,Lotus,Brimstone,Attaque,5,818.0,35,45,5,5
2024,Lotus,Brimstone,Défense,5,1228.0,45,35,7,6
2024,Lotus,Chamber,Attaque,26,5122.0,184,178,34,37
2024,Lotus,Chamber,Défense,26,5514.0,231,179,43,30
2024,Lotus,Clove,Attaque,9,2289.0,95,71,6,5
2024,Lotus,Clove,Défense,9,2407.0,73,72,14,10
2024,Lotus,Cypher,Attaque,87,15550.0,601,650,61,89
2024,Lotus,Cypher,Défense,87,16818.0,618,622,89,92
2024,Lotus,Deadlock,Attaque,7,1220.0,46,48,6,11
2024,Lotus,Deadlock,Défense,7,1244.0,50,48,5,6
2024,Lotus,Fade,Attaque,227,41012.0,1555,1551,109,153
2024,Lotus,Fade,Défense,227,44698.0,1618,1607,194,159
2024,Lotus,Gekko,Attaque,36,6009.0,227,273,30,33
2024,Lotus,Gekko,Défense,36,6351.0,273,307,18,37
2024,Lotus,Iso,Attaque,1,338.0,13,11,6,0
2024,Lotus,Iso,Défense,1,246.0,6,7,2,1
2024,Lotus,Jett,Attaque,24,5600.0,218,189,50,52
2024,Lotus,Jett,Défense,24,6413.0,210,167,57,25
2024,Lotus,KAY/O,Attaque,5,676.0,26,41,2,4
2024,Lotus,KAY/O,Défense,5,1055.0,39,31,1,1
2024,Lotus,Killjoy,Attaque,175,33128.0,1267,1234,145,156
2024,Lotus,Killjoy,Défense,175,34650.0,1270,1254,192,159
2024,Lotus,Neon,Attaque,57,13183.0,476,482,134,143
2024,Lotus,Neon,Défense,57,13149.0,471,459,109,102
2024,Lotus,Omen,Attaque,300,56384.0,2101,2169,207,279
2024,Lotus,Omen,Défense,300,53266.0,2013,2151,263,288
2024,Lotus,Phoenix,Attaque,4,861.0,34,32,5,13
2024,Lotus,Phoenix,Défense,4,841.0,28,35,8,8
2024,Lotus,Raze,Attaque,238,53548.0,1984,1905,474,464
2024,Lotus,Raze,Défense,237,54834.0,1984,1852,420,338
2024,Lotus,Reyna,Attaque,1,249.0,11,11,3,0
2024,Lotus,Reyna,Défense,1,258.0,9,10,4,1
2024,Lotus,Sage,Attaque,4,721.0,29,28,0,1
2024,Lotus,Sage,Défense,4,792.0,34,33,3,4
2024,Lotus,Skye,Attaque,32,6230.0,233,235,10,16
2024,Lotus,Skye,Défense,31,6012.0,207,221,19,21
2024,Lotus,Sova,Attaque,16,2432.0,97,133,11,23
2024,Lotus,Sova,Défense,16,3196.0,103,96,13,13
2024,Lotus,Viper,Attaque,204,40177.0,1483,1402,172,195
2024,Lotus,Viper,Défense,204,40859.0,1478,1475,223,171
2024,Lotus,Yoru,Attaque,7,1513.0,57,54,15,8
2024,Lotus,Yoru,Défense,7,1498.0,56,56,12,13
2024,Split,Astra,Attaque,31,5305.0,187,227,10,15
2024,Split,Astra,Défense,31,5636.0,215,221,31,24
2024,Split,Breach,Attaque,59,9455.0,358,448,25,40
2024,Split,Breach,Défense,59,11757.0,414,381,38,28
2024,Split,Brimstone,Attaque,1,58.0,1,7,0,1
2024,Split,Brimstone,Défense,1,254.0,12,7,1,2
2024,Split,Chamber,Attaque,8,1974.0,76,62,18,6
2024,Split,Chamber,Défense,8,1486.0,63,55,8,14
2024,Split,Clove,Attaque,1,238.0,4,5,0,0
2024,Split,Clove,Défense,1,309.0,12,12,4,0
2024,Split,Cypher,Attaque,87,14863.0,563,614,70,87
2024,Split,Cypher,Défense,86,17877.0,688,557,92,51
2024,Split,Deadlock,Attaque,1,137.0,6,9,2,3
2024,Split,Deadlock,Défense,1,64.0,3,4,0,0
2024,Split,Fade,Attaque,33,6164.0,223,230,21,27
2024,Split,Fade,Défense,33,5979.0,238,217,33,34
2024,Split,Gekko,Attaque,12,1837.0,55,78,4,11
2024,Split,Gekko,Défense,12,2203.0,90,85,12,10
2024,Split,Iso,Attaque,2,455.0,17,16,5,7
2024,Split,Iso,Défense,2,598.0,28,17,3,3
2024,Split,Jett,Attaque,42,8426.0,331,369,76,77
2024,Split,Jett,Défense,42,9539.0,322,261,67,42
2024,Split,KAY/O,Attaque,1,155.0,6,10,0,2
2024,Split,KAY/O,Défense,1,227.0,7,7,2,1
2024,Split,Killjoy,Attaque,3,444.0,11,21,1,2
2024,Split,Killjoy,Défense,3,377.0,12,22,2,6
2024,Split,Neon,Attaque,3,677.0,23,23,2,7
2024,Split,Neon,Défense,3,586.0,26,24,5,5
2024,Split,Omen,Attaque,154,27976.0,1043,1114,81,101
2024,Split,Omen,Défense,154,28859.0,1060,1015,151,121
2024,Split,Phoenix,Attaque,1,229.0,9,10,0,4
2024,Split,Phoenix,Défense,1,234.0,6,6,1,0
2024,Split,Raze,Attaque,174,38581.0,1362,1431,335,407
2024,Split,Raze,Défense,173,42546.0,1505,1284,286,206
2024,Split,Skye,Attaque,115,18186.0,658,856,56,95
2024,Split,Skye,Défense,115,20973.0,783,782,109,107
2024,Split,Sova,Attaque,2,238.0,8,19,1,0
2024,Split,Sova,Défense,2,282.0,4,16,1,3
2024,Split,Viper,Attaque,146,28522.0,1046,1022,89,115
2024,Split,Viper,Défense,146,28382.0,1003,1000,151,151
2024,Split,Yoru,Attaque,24,4787.0,180,194,35,39
2024,Split,Yoru,Défense,24,6052.0,214,144,49,22
2024,Sunset,Astra,Attaque,5,906.0,33,38,6,5
2024,Sunset,Astra,Défense,5,727.0,32,47,8,9
2024,Sunset,Breach,Attaque,116,20408.0,755,843,60,74
2024,Sunset,Breach,Défense,116,22026.0,852,870,101,73
2024,Sunset,Chamber,Attaque,8,1823.0,69,64,16,11
2024,Sunset,Chamber,Défense,8,1584.0,68,52,18,3
2024,Sunset,Clove,Attaque,1,232.0,11,10,2,2
2024,Sunset,Clove,Défense,1,173.0,10,9,0,2
2024,Sunset,Cypher,Attaque,223,42744.0,1672,1640,174,233
2024,Sunset,Cypher,Défense,223,43154.0,1675,1595,237,178
2024,Sunset,Deadlock,Attaque,3,424.0,15,28,1,7
2024,Sunset,Deadlock,Défense,3,832.0,31,24,6,4
2024,Sunset,Fade,Attaque,28,5624.0,237,226,19,29
2024,Sunset,Fade,Défense,28,5915.0,212,196,26,20
2024,Sunset,Gekko,Attaque,101,19465.0,735,757,66,76
2024,Sunset,Gekko,Défense,101,19449.0,706,723,91,83
2024,Sunset,Harbor,Attaque,2,353.0,16,20,1,2
2024,Sunset,Harbor,Défense,2,243.0,7,11,1,2
2024,Sunset,Jett,Attaque,18,3465.0,130,169,40,54
2024,Sunset,Jett,Défense,18,4182.0,173,136,48,21
2024,Sunset,KAY/O,Attaque,107,19943.0,700,818,78,110
2024,Sunset,KAY/O,Défense,107,21279.0,728,732,105,90
2024,Sunset,Killjoy,Attaque,3,343.0,13,19,1,1
2024,Sunset,Killjoy,Défense,3,461.0,14,22,2,5
2024,Sunset,Neon,Attaque,69,16356.0,595,569,146,163
2024,Sunset,Neon,Défense,69,16061.0,587,535,118,108
2024,Sunset,Omen,Attaque,264,48126.0,1799,1975,173,214
2024,Sunset,Omen,Défense,264,48821.0,1859,1854,278,246
2024,Sunset,Phoenix,Attaque,13,3097.0,80,84,20,15
2024,Sunset,Phoenix,Défense,13,2927.0,121,102,17,18
2024,Sunset,Raze,Attaque,163,36194.0,1315,1379,322,388
2024,Sunset,Raze,Défense,163,41099.0,1464,1238,310,221
2024,Sunset,Sage,Attaque,24,4990.0,179,154,21,17
2024,Sunset,Sage,Défense,24,5246.0,185,151,33,20
2024,Sunset,Skye,Attaque,16,2908.0,110,130,14,16
2024,Sunset,Skye,Défense,16,3378.0,122,107,16,22
2024,Sunset,Sova,Attaque,121,22411.0,832,834,70,79
2024,Sunset,Sova,Défense,121,24878.0,909,877,104,99
2024,Sunset,Viper,Attaque,60,12597.0,443,439,47,70
2024,Sunset,Viper,Défense,60,11240.0,389,398,51,53
2024,Sunset,Yoru,Attaque,5,863.0,29,38,8,13
2024,Sunset,Yoru,Défense,5,862.0,29,41,9,8
2025,Abyss,Astra,Attaque,65,12463.0,424,390,42,33
2025,Abyss,Astra,Défense,65,10980.0,387,493,39,81
2025,Abyss,Breach,Attaque,18,3142.0,119,114,7,10
2025,Abyss,Breach,Défense,18,3218.0,117,132,14,16
2025,Abyss,Chamber,Attaque,10,1850.0,67,63,15,10
2025,Abyss,Chamber,Défense,10,2154.0,84,78,16,11
2025,Abyss,Cypher,Attaque,38,7099.0,268,260,34,39
2025,Abyss,Cypher,Défense,38,6745.0,248,256,44,34
2025,Abyss,Deadlock,Attaque,2,398.0,15,15,2,0
2025,Abyss,Deadlock,Défense,2,302.0,13,13,1,1
2025,Abyss,Fade,Attaque,5,860.0,36,41,4,2
2025,Abyss,Fade,Défense,5,727.0,31,48,3,4
2025,Abyss,Harbor,Attaque,8,1334.0,63,71,6,15
2025,Abyss,Harbor,Défense,8,1297.0,54,84,4,14
2025,Abyss,Jett,Attaque,60,13682.0,533,460,142,142
2025,Abyss,Jett,Défense,60,13855.0,517,431,104,86
2025,Abyss,KAY/O,Attaque,44,7759.0,276,333,40,52
2025,Abyss,KAY/O,Défense,44,7979.0,258,329,37,36
2025,Abyss,Neon,Attaque,2,408.0,21,23,3,6
2025,Abyss,Neon,Défense,2,390.0,15,20,4,1
2025,Abyss,Omen,Attaque,52,10859.0,437,370,38,38
2025,Abyss,Omen,Défense,52,9868.0,374,381,59,37
2025,Abyss,Reyna,Attaque,1,172.0,7,8,0,1
2025,Abyss,Reyna,Défense,1,127.0,5,11,3,2
2025,Abyss,Sage,Attaque,2,318.0,16,19,2,0
2025,Abyss,Sage,Défense,2,283.0,13,21,2,4
2025,Abyss,Sova,Attaque,89,15407.0,572,548,43,41
2025,Abyss,Sova,Défense,89,15640.0,558,640,70,66
2025,Abyss,Tejo,Attaque,14,3177.0,116,94,13,9
2025,Abyss,Tejo,Défense,14,3051.0,109,103,7,11
2025,Abyss,Viper,Attaque,4,775.0,29,34,2,4
2025,Abyss,Viper,Défense,4,802.0,19,24,4,3
2025,Abyss,Vyse,Attaque,12,2203.0,93,89,10,11
2025,Abyss,Vyse,Défense,12,2110.0,89,99,14,14
2025,Abyss,Waylay,Attaque,9,2080.0,73,58,17,11
2025,Abyss,Waylay,Défense,9,1853.0,76,79,19,11
2025,Abyss,Yoru,Attaque,35,7479.0,287,261,62,83
2025,Abyss,Yoru,Défense,35,7465.0,281,291,63,50
2025,Ascent,Astra,Attaque,6,983.0,35,54,1,6
2025,Ascent,Astra,Défense,6,1268.0,41,40,5,2
2025,Ascent,Breach,Attaque,1,56.0,1,12,0,1
2025,Ascent,Breach,Défense,1,76.0,1,3,0,1
2025,Ascent,Chamber,Attaque,30,6764.0,278,239,57,44
2025,Ascent,Chamber,Défense,29,6333.0,218,161,47,26
2025,Ascent,Clove,Attaque,4,805.0,23,26,4,0
2025,Ascent,Clove,Défense,4,757.0,29,30,5,4
2025,Ascent,Cypher,Attaque,94,16960.0,598,712,73,99
2025,Ascent,Cypher,Défense,94,16433.0,656,624,63,61
2025,Ascent,Deadlock,Attaque,34,6070.0,193,241,18,34
2025,Ascent,Deadlock,Défense,34,5986.0,241,242,31,28
2025,Ascent,Fade,Attaque,26,4144.0,161,217,10,34
2025,Ascent,Fade,Défense,26,5265.0,193,198,32,32
2025,Ascent,Gekko,Attaque,1,137.0,7,8,1,3
2025,Ascent,Gekko,Défense,1,154.0,6,12,1,3
2025,Ascent,Harbor,Attaque,1,142.0,6,9,0,1
2025,Ascent,Harbor,Défense,1,160.0,4,7,0,2
2025,Ascent,Jett,Attaque,116,24183.0,880,981,236,283
2025,Ascent,Jett,Défense,116,27974.0,1127,807,264,160
2025,Ascent,KAY/O,Attaque,115,19703.0,655,942,65,122
2025,Ascent,KAY/O,Défense,115,23251.0,867,841,115,112
2025,Ascent,Killjoy,Attaque,39,7126.0,284,319,39,51
2025,Ascent,Killjoy,Défense,39,7477.0,277,270,39,36
2025,Ascent,Neon,Attaque,12,2701.0,105,99,27,23
2025,Ascent,Neon,Défense,12,2785.0,108,94,27,14
2025,Ascent,Omen,Attaque,238,41649.0,1548,1778,124,189
2025,Ascent,Omen,Défense,238,45163.0,1679,1606,220,207
2025,Ascent,Phoenix,Attaque,4,845.0,34,35,6,7
2025,Ascent,Phoenix,Défense,4,1014.0,32,23,6,5
2025,Ascent,Raze,Attaque,3,639.0,24,27,7,9
2025,Ascent,Raze,Défense,3,602.0,25,26,7,4
2025,Ascent,Sage,Attaque,9,1994.0,82,78,11,12
2025,Ascent,Sage,Défense,9,1928.0,80,66,20,7
2025,Ascent,Sova,Attaque,182,33337.0,1223,1360,94,122
2025,Ascent,Sova,Défense,181,39790.0,1435,1193,159,112
2025,Ascent,Tejo,Attaque,65,10584.0,367,500,33,55
2025,Ascent,Tejo,Défense,65,14111.0,528,429,66,35
2025,Ascent,Viper,Attaque,11,2012.0,79,87,9,16
2025,Ascent,Viper,Défense,11,2466.0,99,79,14,16
2025,Ascent,Vyse,Attaque,95,18368.0,693,728,75,84
2025,Ascent,Vyse,Défense,95,20317.0,734,611,86,59
2025,Ascent,Waylay,Attaque,18,4355.0,172,151,31,53
2025,Ascent,Waylay,Défense,18,3822.0,143,123,41,22
2025,Ascent,Yoru,Attaque,116,23341.0,822,953,172,238
2025,Ascent,Yoru,Défense,116,27931.0,1027,782,238,143
2025,Bind,Astra,Attaque,41,6976.0,273,277,25,35
2025,Bind,Astra,Défense,41,7400.0,270,286,30,39
2025,Bind,Breach,Attaque,2,236.0,12,17,0,1
2025,Bind,Breach,Défense,2,480.0,19,16,4,1
2025,Bind,Brimstone,Attaque,145,27225.0,970,1051,81,82
2025,Bind,Brimstone,Défense,145,30340.0,1111,1005,136,117
2025,Bind,Clove,Attaque,1,130.0,3,7,1,1
2025,Bind,Clove,Défense,1,186.0,7,9,1,1
2025,Bind,Cypher,Attaque,5,944.0,41,47,5,9
2025,Bind,Cypher,Défense,5,763.0,24,32,5,3
2025,Bind,Deadlock,Attaque,42,6947.0,272,332,42,55
2025,Bind,Deadlock,Défense,42,7970.0,299,295,31,35
2025,Bind,Fade,Attaque,114,18623.0,681,825,64,82
2025,Bind,Fade,Défense,114,21201.0,812,783,104,100
2025,Bind,Gekko,Attaque,70,12160.0,462,548,49,62
2025,Bind,Gekko,Défense,70,12669.0,459,504,50,64
2025,Bind,Iso,Attaque,2,376.0,16,19,2,7
2025,Bind,Iso,Défense,2,530.0,18,19,3,1
2025,Bind,KAY/O,Attaque,44,7282.0,262,330,30,32
2025,Bind,KAY/O,Défense,44,8313.0,298,324,34,29
2025,Bind,Neon,Attaque,4,617.0,20,30,4,11
2025,Bind,Neon,Défense,4,556.0,20,32,2,6
2025,Bind,Omen,Attaque,10,1930.0,68,67,11,12
2025,Bind,Omen,Défense,10,2197.0,88,76,10,7
2025,Bind,Raze,Attaque,155,34252.0,1213,1256,267,325
2025,Bind,Raze,Défense,154,36180.0,1365,1113,291,200
2025,Bind,Sage,Attaque,1,246.0,10,8,3,3
2025,Bind,Sage,Défense,1,339.0,15,8,1,0
2025,Bind,Skye,Attaque,45,7884.0,294,311,34,35
2025,Bind,Skye,Défense,45,7955.0,283,318,42,50
2025,Bind,Tejo,Attaque,33,5601.0,220,248,30,33
2025,Bind,Tejo,Défense,33,6101.0,243,234,31,34
2025,Bind,Viper,Attaque,146,30380.0,1135,1056,149,143
2025,Bind,Viper,Défense,146,28162.0,1052,1016,147,138
2025,Bind,Vyse,Attaque,41,8342.0,304,287,32,35
2025,Bind,Vyse,Défense,41,8583.0,324,273,48,35
2025,Bind,Waylay,Attaque,14,2660.0,102,116,17,28
2025,Bind,Waylay,Défense,14,2709.0,92,94,15,17
2025,Bind,Yoru,Attaque,65,13922.0,526,519,123,117
2025,Bind,Yoru,Défense,65,13908.0,548,448,123,92
2025,Corrode,Astra,Attaque,18,3046.0,117,141,9,15
2025,Corrode,Astra,Défense,18,2801.0,110,101,24,15
2025,Corrode,Brimstone,Attaque,1,103.0,5,12,2,1
2025,Corrode,Brimstone,Défense,1,302.0,13,8,3,1
2025,Corrode,Chamber,Attaque,16,3763.0,150,121,33,25
2025,Corrode,Chamber,Défense,16,3556.0,126,108,34,16
2025,Corrode,Clove,Attaque,6,1254.0,42,52,2,12
2025,Corrode,Clove,Défense,6,998.0,33,49,6,8
2025,Corrode,Cypher,Attaque,22,4113.0,164,178,16,24
2025,Corrode,Cypher,Défense,22,4377.0,164,141,23,13
2025,Corrode,Deadlock,Attaque,20,3612.0,151,169,11,18
2025,Corrode,Deadlock,Défense,20,3976.0,158,132,25,15
2025,Corrode,Fade,Attaque,105,17951.0,663,773,55,73
2025,Corrode,Fade,Défense,105,20923.0,775,727,101,81
2025,Corrode,Gekko,Attaque,14,2312.0,85,112,7,14
2025,Corrode,Gekko,Défense,14,3107.0,118,113,20,12
2025,Corrode,Iso,Attaque,4,955.0,27,30,8,10
2025,Corrode,Iso,Défense,4,1087.0,45,33,6,4
2025,Corrode,Jett,Attaque,5,964.0,37,48,7,15
2025,Corrode,Jett,Défense,5,982.0,24,29,7,4
2025,Corrode,KAY/O,Attaque,21,4173.0,151,157,20,20
2025,Corrode,KAY/O,Défense,21,4204.0,147,140,28,22
2025,Corrode,Neon,Attaque,63,12484.0,449,524,107,157
2025,Corrode,Neon,Défense,63,14691.0,537,470,112,83
2025,Corrode,Omen,Attaque,132,24066.0,904,988,95,125
2025,Corrode,Omen,Défense,132,26272.0,984,929,109,102
2025,Corrode,Phoenix,Attaque,2,403.0,11,16,1,3
2025,Corrode,Phoenix,Défense,2,501.0,20,15,4,3
2025,Corrode,Raze,Attaque,14,2540.0,94,128,18,30
2025,Corrode,Raze,Défense,14,3307.0,132,105,30,18
2025,Corrode,Sage,Attaque,14,2228.0,75,94,5,7
2025,Corrode,Sage,Défense,14,2499.0,92,92,13,16
2025,Corrode,Skye,Attaque,3,576.0,22,28,1,6
2025,Corrode,Skye,Défense,3,525.0,20,15,1,2
2025,Corrode,Sova,Attaque,38,7818.0,283,273,24,24
2025,Corrode,Sova,Défense,38,8394.0,313,280,47,37
2025,Corrode,Tejo,Attaque,2,300.0,13,16,1,1
2025,Corrode,Tejo,Défense,2,655.0,26,15,1,1
2025,Corrode,Viper,Attaque,103,19353.0,721,728,82,97
2025,Corrode,Viper,Défense,103,18764.0,712,689,95,79
2025,Corrode,Vyse,Attaque,42,7993.0,293,295,29,29
2025,Corrode,Vyse,Défense,42,7668.0,274,284,36,31
2025,Corrode,Waylay,Attaque,30,6048.0,234,235,56,54
2025,Corrode,Waylay,Défense,30,7422.0,277,210,47,43
2025,Corrode,Yoru,Attaque,55,11013.0,404,457,82,121
2025,Corrode,Yoru,Défense,55,12801.0,474,410,109,65
2025,Fracture,Astra,Attaque,9,2327.0,87,71,7,7
2025,Fracture,Astra,Défense,9,1535.0,55,60,6,12
2025,Fracture,Breach,Attaque,139,23114.0,903,1009,65,91
2025,Fracture,Breach,Défense,137,24307.0,901,989,67,90
2025,Fracture,Brimstone,Attaque,135,26674.0,1009,985,99,101
2025,Fracture,Brimstone,Défense,133,27343.0,1012,985,135,125
2025,Fracture,Chamber,Attaque,8,1879.0,64,59,13,8
2025,Fracture,Chamber,Défense,8,1634.0,67,53,17,8
2025,Fracture,Clove,Attaque,1,403.0,19,11,2,3
2025,Fracture,Clove,Défense,1,207.0,9,14,2,1
2025,Fracture,Cypher,Attaque,80,15392.0,614,607,93,80
2025,Fracture,Cypher,Défense,78,14808.0,567,560,92,78
2025,Fracture,Deadlock,Attaque,1,127.0,5,11,1,1
2025,Fracture,Deadlock,Défense,1,203.0,5,4,0,0
2025,Fracture,Fade,Attaque,11,1378.0,61,98,6,13
2025,Fracture,Fade,Défense,10,1910.0,63,78,13,10
2025,Fracture,Gekko,Attaque,2,356.0,11,19,2,4
2025,Fracture,Gekko,Défense,2,432.0,17,16,3,0
2025,Fracture,Jett,Attaque,3,557.0,22,25,3,4
2025,Fracture,Jett,Défense,3,604.0,23,25,7,4
2025,Fracture,KAY/O,Attaque,4,989.0,37,38,5,2
2025,Fracture,KAY/O,Défense,4,887.0,33,25,4,0
2025,Fracture,Killjoy,Attaque,23,4334.0,176,176,22,32
2025,Fracture,Killjoy,Défense,23,4413.0,154,167,31,26
2025,Fracture,Neon,Attaque,64,13738.0,521,526,122,147
2025,Fracture,Neon,Défense,64,14879.0,566,515,142,114
2025,Fracture,Raze,Attaque,66,14060.0,547,561,128,150
2025,Fracture,Raze,Défense,65,15653.0,554,463,131,91
2025,Fracture,Sage,Attaque,3,736.0,25,19,3,3
2025,Fracture,Sage,Défense,3,590.0,25,27,3,7
2025,Fracture,Skye,Attaque,3,728.0,21,14,0,1
2025,Fracture,Skye,Défense,3,681.0,30,23,3,2
2025,Fracture,Sova,Attaque,9,1456.0,49,64,4,8
2025,Fracture,Sova,Défense,9,2028.0,83,58,6,3
2025,Fracture,Tejo,Attaque,110,19910.0,769,781,89,95
2025,Fracture,Tejo,Défense,109,22058.0,850,777,85,83
2025,Fracture,Vyse,Attaque,33,6789.0,248,244,32,37
2025,Fracture,Vyse,Défense,33,6305.0,241,264,37,36
2025,Fracture,Waylay,Attaque,5,845.0,34,42,3,10
2025,Fracture,Waylay,Défense,5,1180.0,47,32,11,3
2025,Fracture,Yoru,Attaque,11,1833.0,73,98,20,26
2025,Fracture,Yoru,Défense,10,2374.0,87,77,20,12
2025,Haven,Astra,Attaque,12,2458.0,88,85,16,9
2025,Haven,Astra,Défense,12,2629.0,105,88,11,6
2025,Haven,Breach,Attaque,123,19943.0,735,886,63,92
2025,Haven,Breach,Défense,123,22811.0,797,883,70,99
2025,Haven,Clove,Attaque,1,143.0,4,10,0,3
2025,Haven,Clove,Défense,1,193.0,6,6,0,0
2025,Haven,Cypher,Attaque,235,44560.0,1674,1666,219,217
2025,Haven,Cypher,Défense,235,41836.0,1540,1686,201,212
2025,Haven,Deadlock,Attaque,13,2254.0,68,73,9,7
2025,Haven,Deadlock,Défense,13,2492.0,93,102,13,16
2025,Haven,Fade,Attaque,13,2452.0,85,100,7,6
2025,Haven,Fade,Défense,13,2230.0,96,82,8,10
2025,Haven,Harbor,Attaque,1,156.0,6,9,1,3
2025,Haven,Harbor,Défense,1,76.0,1,5,0,1
2025,Haven,Iso,Attaque,77,17371.0,632,585,110,119
2025,Haven,Iso,Défense,77,16612.0,620,587,95,83
2025,Haven,Jett,Attaque,61,13073.0,502,525,133,131
2025,Haven,Jett,Défense,61,13344.0,486,402,118,81
2025,Haven,KAY/O,Attaque,1,137.0,5,10,0,0
2025,Haven,KAY/O,Défense,1,46.0,1,5,0,0
2025,Haven,Killjoy,Attaque,75,13121.0,507,539,69,61
2025,Haven,Killjoy,Défense,75,14470.0,492,471,59,61
2025,Haven,Neon,Attaque,142,29636.0,1096,1119,240,284
2025,Haven,Neon,Défense,141,31291.0,1145,999,238,206
2025,Haven,Omen,Attaque,325,56378.0,2047,2281,220,286
2025,Haven,Omen,Défense,324,61950.0,2281,2235,303,257
2025,Haven,Phoenix,Attaque,4,1121.0,43,30,5,6
2025,Haven,Phoenix,Défense,4,1091.0,51,31,8,9
2025,Haven,Skye,Attaque,6,1128.0,44,39,2,5
2025,Haven,Skye,Défense,6,991.0,29,45,2,8
2025,Haven,Sova,Attaque,256,44785.0,1628,1769,115,179
2025,Haven,Sova,Défense,255,48873.0,1698,1726,215,176
2025,Haven,Tejo,Attaque,63,11809.0,430,401,35,41
2025,Haven,Tejo,Défense,63,12181.0,448,452,51,38
2025,Haven,Viper,Attaque,77,16031.0,595,520,81,99
2025,Haven,Viper,Défense,77,17098.0,556,499,75,79
2025,Haven,Vyse,Attaque,31,6211.0,213,215,29,21
2025,Haven,Vyse,Défense,31,6289.0,234,227,38,38
2025,Haven,Waylay,Attaque,12,2551.0,96,93,15,17
2025,Haven,Waylay,Défense,12,2284.0,93,99,24,20
2025,Haven,Yoru,Attaque,162,36476.0,1316,1274,267,286
2025,Haven,Yoru,Défense,162,37596.0,1453,1177,343,234
2025,Icebox,Breach,Attaque,1,154.0,4,6,1,0
2025,Icebox,Breach,Défense,1,190.0,8,9,0,0
2025,Icebox,Chamber,Attaque,9,2109.0,82,69,17,10
2025,Icebox,Chamber,Défense,9,1882.0,71,57,13,12
2025,Icebox,Clove,Attaque,2,383.0,15,22,2,4
2025,Icebox,Clove,Défense,2,180.0,5,13,2,4
2025,Icebox,Deadlock,Attaque,5,894.0,30,36,4,6
2025,Icebox,Deadlock,Défense,5,1071.0,44,34,3,3
2025,Icebox,Gekko,Attaque,47,8009.0,322,357,34,42
2025,Icebox,Gekko,Défense,47,8628.0,311,366,33,56
2025,Icebox,Harbor,Attaque,45,8932.0,332,306,33,35
2025,Icebox,Harbor,Défense,44,8090.0,293,342,34,52
2025,Icebox,Iso,Attaque,8,1755.0,68,75,19,19
2025,Icebox,Iso,Défense,8,1688.0,70,64,11,9
2025,Icebox,Jett,Attaque,163,38889.0,1410,1267,314,317
2025,Icebox,Jett,Défense,162,38430.0,1468,1139,356,206
2025,Icebox,KAY/O,Attaque,64,11539.0,421,508,38,72
2025,Icebox,KAY/O,Défense,64,11403.0,402,481,46,51
2025,Icebox,Killjoy,Attaque,207,40527.0,1497,1464,176,184
2025,Icebox,Killjoy,Défense,206,42113.0,1571,1504,186,174
2025,Icebox,Neon,Attaque,10,2044.0,85,101,26,24
2025,Icebox,Neon,Défense,10,2271.0,72,64,10,14
2025,Icebox,Omen,Attaque,58,10405.0,366,411,54,71
2025,Icebox,Omen,Défense,58,10623.0,406,467,73,64
2025,Icebox,Raze,Attaque,2,518.0,23,18,0,1
2025,Icebox,Raze,Défense,2,413.0,17,17,5,4
2025,Icebox,Reyna,Attaque,10,2293.0,93,94,22,28
2025,Icebox,Reyna,Défense,10,2180.0,83,84,17,23
2025,Icebox,Sage,Attaque,41,6776.0,249,293,28,29
2025,Icebox,Sage,Défense,41,6844.0,246,265,32,37
2025,Icebox,Sova,Attaque,151,26181.0,943,1020,74,97
2025,Icebox,Sova,Défense,151,29580.0,1042,1077,107,102
2025,Icebox,Tejo,Attaque,70,12839.0,510,507,50,52
2025,Icebox,Tejo,Défense,70,11934.0,421,505,51,59
2025,Icebox,Viper,Attaque,225,45103.0,1643,1605,209,207
2025,Icebox,Viper,Défense,225,45487.0,1625,1600,227,233
2025,Icebox,Vyse,Attaque,5,1165.0,52,36,4,5
2025,Icebox,Vyse,Défense,5,1120.0,40,24,4,4
2025,Icebox,Waylay,Attaque,10,1831.0,65,83,21,21
2025,Icebox,Waylay,Défense,10,2101.0,74,82,13,18
2025,Icebox,Yoru,Attaque,7,1313.0,46,54,12,13
2025,Icebox,Yoru,Défense,7,1552.0,54,54,14,11
2025,Lotus,Astra,Attaque,10,2158.0,92,84,8,8
2025,Lotus,Astra,Défense,10,1690.0,62,70,7,8
2025,Lotus,Breach,Attaque,145,26402.0,1019,1107,69,78
2025,Lotus,Breach,Défense,145,24685.0,904,1040,93,88
2025,Lotus,Chamber,Attaque,10,2092.0,82,78,13,14
2025,Lotus,Chamber,Défense,10,2164.0,95,75,20,15
2025,Lotus,Clove,Attaque,18,4060.0,166,147,18,25
2025,Lotus,Clove,Défense,18,3797.0,147,157,21,18
2025,Lotus,Cypher,Attaque,78,14455.0,583,587,68,73
2025,Lotus,Cypher,Défense,77,14706.0,564,546,75,70
2025,Lotus,Deadlock,Attaque,37,7207.0,259,272,23,43
2025,Lotus,Deadlock,Défense,37,6033.0,218,274,18,23
2025,Lotus,Fade,Attaque,291,50266.0,1858,2118,131,215
2025,Lotus,Fade,Défense,291,53574.0,2009,2087,225,219
2025,Lotus,Harbor,Attaque,5,729.0,27,40,4,14
2025,Lotus,Harbor,Défense,5,1429.0,37,25,5,1
2025,Lotus,Iso,Attaque,16,3334.0,112,122,19,19
2025,Lotus,Iso,Défense,16,3413.0,135,132,23,15
2025,Lotus,Jett,Attaque,7,1572.0,61,63,17,23
2025,Lotus,Jett,Défense,6,1991.0,68,40,21,9
2025,Lotus,KAY/O,Attaque,2,226.0,9,21,1,2
2025,Lotus,KAY/O,Défense,2,490.0,17,10,2,0
2025,Lotus,Killjoy,Attaque,43,8864.0,351,312,51,34
2025,Lotus,Killjoy,Défense,43,8816.0,336,301,47,44
2025,Lotus,Neon,Attaque,83,19048.0,762,746,181,213
2025,Lotus,Neon,Défense,83,19252.0,742,684,178,136
2025,Lotus,Omen,Attaque,428,77412.0,2949,3180,312,420
2025,Lotus,Omen,Défense,428,80739.0,3040,3041,439,405
2025,Lotus,Raze,Attaque,254,55439.0,2013,2036,435,530
2025,Lotus,Raze,Défense,254,60921.0,2263,1922,427,335
2025,Lotus,Reyna,Attaque,2,429.0,9,8,1,2
2025,Lotus,Reyna,Défense,2,483.0,22,15,6,3
2025,Lotus,Sage,Attaque,5,1384.0,54,37,7,5
2025,Lotus,Sage,Défense,5,1563.0,50,36,6,7
2025,Lotus,Skye,Attaque,1,232.0,10,7,1,0
2025,Lotus,Skye,Défense,1,169.0,4,2,0,0
2025,Lotus,Sova,Attaque,21,3588.0,130,135,17,9
2025,Lotus,Sova,Défense,21,4192.0,161,152,17,17
2025,Lotus,Tejo,Attaque,134,23036.0,859,992,82,106
2025,Lotus,Tejo,Défense,133,25321.0,924,964,103,110
2025,Lotus,Viper,Attaque,247,48261.0,1755,1773,213,255
2025,Lotus,Viper,Défense,247,52387.0,1941,1721,264,204
2025,Lotus,Vyse,Attaque,188,35029.0,1349,1393,140,158
2025,Lotus,Vyse,Défense,188,38085.0,1413,1313,216,130
2025,Lotus,Waylay,Attaque,21,5080.0,162,164,39,43
2025,Lotus,Waylay,Défense,21,4942.0,189,164,39,31
2025,Lotus,Yoru,Attaque,154,32918.0,1220,1227,260,288
2025,Lotus,Yoru,Défense,154,34308.0,1313,1148,325,219
2025,Pearl,Astra,Attaque,167,30282.0,1221,1144,91,103
2025,Pearl,Astra,Défense,165,33030.0,1267,1195,180,127
2025,Pearl,Breach,Attaque,4,823.0,23,24,1,4
2025,Pearl,Breach,Défense,4,585.0,22,35,2,5
2025,Pearl,Chamber,Attaque,26,5160.0,202,211,44,46
2025,Pearl,Chamber,Défense,26,5252.0,209,187,43,39
2025,Pearl,Cypher,Attaque,18,3539.0,109,132,19,15
2025,Pearl,Cypher,Défense,18,2965.0,108,125,14,16
2025,Pearl,Fade,Attaque,58,10243.0,367,454,34,57
2025,Pearl,Fade,Défense,58,10586.0,391,426,31,44
2025,Pearl,Harbor,Attaque,3,541.0,17,22,3,6
2025,Pearl,Harbor,Défense,3,633.0,27,22,7,4
2025,Pearl,Iso,Attaque,1,16.0,0,4,0,1
2025,Pearl,Iso,Défense,1,187.0,8,12,0,2
2025,Pearl,Jett,Attaque,49,11128.0,409,414,117,97
2025,Pearl,Jett,Défense,49,10979.0,425,341,96,54
2025,Pearl,KAY/O,Attaque,33,6144.0,222,252,15,33
2025,Pearl,KAY/O,Défense,33,5999.0,217,254,38,39
2025,Pearl,Killjoy,Attaque,57,11114.0,424,401,60,62
2025,Pearl,Killjoy,Défense,57,10444.0,401,414,48,53
2025,Pearl,Neon,Attaque,30,5561.0,186,259,46,84
2025,Pearl,Neon,Défense,30,6397.0,252,235,59,47
2025,Pearl,Omen,Attaque,1,249.0,11,11,2,0
2025,Pearl,Omen,Défense,1,94.0,2,6,0,1
2025,Pearl,Phoenix,Attaque,10,2111.0,80,83,11,9
2025,Pearl,Phoenix,Défense,10,2148.0,79,73,13,15
2025,Pearl,Raze,Attaque,2,518.0,20,10,7,1
2025,Pearl,Raze,Défense,2,328.0,7,10,1,3
2025,Pearl,Skye,Attaque,2,377.0,12,11,0,1
2025,Pearl,Skye,Défense,2,515.0,18,11,4,0
2025,Pearl,Sova,Attaque,77,12384.0,468,542,39,57
2025,Pearl,Sova,Défense,77,16261.0,596,540,53,55
2025,Pearl,Tejo,Attaque,78,13759.0,534,581,54,58
2025,Pearl,Tejo,Défense,78,15582.0,585,580,66,61
2025,Pearl,Vyse,Attaque,108,22160.0,870,801,81,98
2025,Pearl,Vyse,Défense,108,20527.0,766,810,97,104
2025,Pearl,Waylay,Attaque,2,447.0,23,16,4,4
2025,Pearl,Waylay,Défense,2,435.0,17,18,4,5
2025,Pearl,Yoru,Attaque,114,24386.0,926,965,202,226
2025,Pearl,Yoru,Défense,114,25159.0,963,854,206,154
2025,Split,Astra,Attaque,62,11184.0,447,455,36,39
2025,Split,Astra,Défense,62,11263.0,432,404,55,50
2025,Split,Breach,Attaque,93,14598.0,547,705,37,68
2025,Split,Breach,Défense,93,16538.0,633,684,69,74
2025,Split,Chamber,Attaque,5,840.0,36,48,7,15
2025,Split,Chamber,Défense,5,1229.0,43,34,9,1
2025,Split,Cypher,Attaque,43,7718.0,308,333,38,42
2025,Split,Cypher,Défense,42,7608.0,297,313,35,37
2025,Split,Deadlock,Attaque,22,3775.0,148,174,20,19
2025,Split,Deadlock,Défense,22,4635.0,191,161,32,23
2025,Split,Fade,Attaque,73,12216.0,480,535,41,60
2025,Split,Fade,Défense,73,12984.0,497,527,72,57
2025,Split,Iso,Attaque,4,1220.0,49,35,6,3
2025,Split,Iso,Défense,4,969.0,37,34,7,5
2025,Split,Jett,Attaque,19,4030.0,164,162,38,52
2025,Split,Jett,Défense,19,4555.0,191,134,36,22
2025,Split,KAY/O,Attaque,1,166.0,6,9,0,0
2025,Split,KAY/O,Défense,1,194.0,7,6,1,0
2025,Split,Neon,Attaque,10,2132.0,72,88,18,26
2025,Split,Neon,Défense,10,2559.0,94,68,21,10
2025,Split,Omen,Attaque,139,25556.0,958,1028,84,83
2025,Split,Omen,Défense,139,26091.0,1009,1050,120,120
2025,Split,Raze,Attaque,111,26413.0,966,943,224,243
2025,Split,Raze,Défense,111,26749.0,1019,846,205,129
2025,Split,Sage,Attaque,8,1556.0,54,49,3,4
2025,Split,Sage,Défense,8,2098.0,91,58,9,4
2025,Split,Skye,Attaque,28,4909.0,173,207,15,26
2025,Split,Skye,Défense,28,4900.0,190,222,34,37
2025,Split,Tejo,Attaque,94,17181.0,666,701,58,74
2025,Split,Tejo,Défense,94,18194.0,682,645,81,81
2025,Split,Viper,Attaque,142,28679.0,1124,1079,148,145
2025,Split,Viper,Défense,142,29734.0,1096,1077,158,152
2025,Split,Vyse,Attaque,11,2076.0,73,76,0,6
2025,Split,Vyse,Défense,11,2152.0,89,78,8,12
2025,Split,Waylay,Attaque,3,592.0,18,24,4,12
2025,Split,Waylay,Défense,3,440.0,16,21,3,3
2025,Split,Yoru,Attaque,102,21593.0,831,847,182,237
2025,Split,Yoru,Défense,102,23220.0,879,759,199,142
2025,Sunset,Breach,Attaque,51,8609.0,305,379,25,34
2025,Sunset,Breach,Défense,51,9366.0,336,342,43,34
2025,Sunset,Chamber,Attaque,4,1167.0,41,30,5,6
2025,Sunset,Chamber,Défense,4,840.0,34,29,8,3
2025,Sunset,Clove,Attaque,2,326.0,14,20,0,3
2025,Sunset,Clove,Défense,2,351.0,14,16,4,2
2025,Sunset,Cypher,Attaque,118,23594.0,877,872,96,119
2025,Sunset,Cypher,Défense,118,22679.0,864,805,111,82
2025,Sunset,Deadlock,Attaque,30,6126.0,242,217,22,25
2025,Sunset,Deadlock,Défense,30,5575.0,223,217,36,26
2025,Sunset,Fade,Attaque,41,8214.0,284,289,27,32
2025,Sunset,Fade,Défense,41,8660.0,322,278,34,35
2025,Sunset,Gekko,Attaque,1,88.0,2,7,1,1
2025,Sunset,Gekko,Défense,1,180.0,7,10,1,1
2025,Sunset,Iso,Attaque,1,112.0,5,8,0,2
2025,Sunset,Iso,Défense,1,141.0,7,8,1,3
2025,Sunset,Jett,Attaque,4,934.0,28,29,6,16
2025,Sunset,Jett,Défense,4,870.0,36,28,11,7
2025,Sunset,KAY/O,Attaque,18,3085.0,123,148,9,12
2025,Sunset,KAY/O,Défense,18,3595.0,110,117,10,11
2025,Sunset,Neon,Attaque,119,24624.0,914,994,197,307
2025,Sunset,Neon,Défense,119,27435.0,1006,852,205,152
2025,Sunset,Omen,Attaque,164,29157.0,1068,1217,122,150
2025,Sunset,Omen,Défense,164,32451.0,1220,1120,176,128
2025,Sunset,Phoenix,Attaque,5,1291.0,46,37,6,7
2025,Sunset,Phoenix,Défense,5,945.0,38,45,8,8
2025,Sunset,Raze,Attaque,26,6051.0,214,210,35,44
2025,Sunset,Raze,Défense,26,5813.0,220,200,45,30
2025,Sunset,Sage,Attaque,12,1919.0,78,76,2,9
2025,Sunset,Sage,Défense,12,1843.0,74,79,13,9
2025,Sunset,Sova,Attaque,122,22411.0,815,869,46,65
2025,Sunset,Sova,Défense,122,24412.0,844,841,123,81
2025,Sunset,Viper,Attaque,45,8076.0,288,329,54,68
2025,Sunset,Viper,Défense,45,8833.0,305,316,53,35
2025,Sunset,Vyse,Attaque,7,1299.0,54,56,8,7
2025,Sunset,Vyse,Défense,7,1538.0,44,43,8,8
2025,Sunset,Waylay,Attaque,9,2206.0,76,62,11,12
2025,Sunset,Waylay,Défense,9,2286.0,100,69,15,11
2025,Sunset,Yoru,Attaque,41,7645.0,260,323,42,74
2025,Sunset,Yoru,Défense,41,9597.0,366,320,86,48
2026,Abyss,Astra,Attaque,94,15514.0,598,593,54,48
2026,Abyss,Astra,Défense,94,17033.0,631,703,103,101
2026,Abyss,Breach,Attaque,22,3488.0,126,145,8,14
2026,Abyss,Breach,Défense,22,3587.0,135,188,6,10
2026,Abyss,Brimstone,Attaque,10,2090.0,92,81,6,8
2026,Abyss,Brimstone,Défense,10,2082.0,85,74,6,13
2026,Abyss,Chamber,Attaque,8,1745.0,67,60,17,13
2026,Abyss,Chamber,Défense,8,1334.0,48,55,8,8
2026,Abyss,Cypher,Attaque,21,3419.0,127,148,19,24
2026,Abyss,Cypher,Défense,21,3437.0,142,161,16,18
2026,Abyss,Harbor,Attaque,7,1274.0,49,50,3,8
2026,Abyss,Harbor,Défense,7,1204.0,37,40,3,3
2026,Abyss,Iso,Attaque,2,316.0,12,21,2,4
2026,Abyss,Iso,Défense,2,363.0,11,12,2,0
2026,Abyss,Jett,Attaque,20,4509.0,170,142,42,42
2026,Abyss,Jett,Défense,20,4656.0,164,137,37,30
2026,Abyss,KAY/O,Attaque,21,4360.0,150,143,15,19
2026,Abyss,KAY/O,Défense,21,4659.0,149,138,16,20
2026,Abyss,Neon,Attaque,5,855.0,33,45,5,11
2026,Abyss,Neon,Défense,5,1110.0,47,37,7,7
2026,Abyss,Omen,Attaque,57,11610.0,428,392,58,41
2026,Abyss,Omen,Défense,57,11244.0,419,404,57,63
2026,Abyss,Raze,Attaque,1,79.0,2,7,0,3
2026,Abyss,Raze,Défense,1,148.0,5,11,2,1
2026,Abyss,Reyna,Attaque,3,654.0,29,32,6,10
2026,Abyss,Reyna,Défense,3,588.0,17,23,6,4
2026,Abyss,Skye,Attaque,2,121.0,5,18,1,2
2026,Abyss,Skye,Défense,2,185.0,6,14,1,3
2026,Abyss,Sova,Attaque,99,16865.0,642,684,43,60
2026,Abyss,Sova,Défense,99,18317.0,667,730,82,67
2026,Abyss,Tejo,Attaque,33,6427.0,235,186,24,27
2026,Abyss,Tejo,Défense,33,5696.0,205,252,17,30
2026,Abyss,Veto,Attaque,25,5749.0,214,182,31,25
2026,Abyss,Veto,Défense,25,5008.0,199,196,40,22
2026,Abyss,Viper,Attaque,10,2021.0,74,57,8,5
2026,Abyss,Viper,Défense,10,1870.0,72,75,8,9
2026,Abyss,Vyse,Attaque,6,1337.0,63,54,7,1
2026,Abyss,Vyse,Défense,6,1197.0,40,38,7,3
2026,Abyss,Waylay,Attaque,88,18171.0,687,682,160,173
2026,Abyss,Waylay,Défense,88,16964.0,657,704,118,119
2026,Abyss,Yoru,Attaque,66,13968.0,570,557,99,114
2026,Abyss,Yoru,Défense,66,14239.0,538,510,110,77
2026,Ascent,Astra,Attaque,6,1493.0,53,42,7,3
2026,Ascent,Astra,Défense,6,920.0,37,46,2,8
2026,Ascent,Chamber,Attaque,8,1761.0,68,53,8,7
2026,Ascent,Chamber,Défense,8,1601.0,61,38,16,7
2026,Ascent,Cypher,Attaque,21,4294.0,167,155,9,18
2026,Ascent,Cypher,Défense,21,4336.0,154,136,14,11
2026,Ascent,Deadlock,Attaque,1,159.0,8,11,1,2
2026,Ascent,Deadlock,Défense,1,168.0,9,7,2,0
2026,Ascent,Jett,Attaque,24,5327.0,173,195,39,43
2026,Ascent,Jett,Défense,24,4970.0,193,185,44,39
2026,Ascent,KAY/O,Attaque,4,902.0,31,30,4,2
2026,Ascent,KAY/O,Défense,4,598.0,25,36,1,5
2026,Ascent,Killjoy,Attaque,1,177.0,7,8,0,2
2026,Ascent,Killjoy,Défense,1,214.0,8,7,0,1
2026,Ascent,Neon,Attaque,22,4767.0,184,195,52,52
2026,Ascent,Neon,Défense,22,4932.0,164,157,43,25
2026,Ascent,Omen,Attaque,44,7419.0,271,325,30,36
2026,Ascent,Omen,Défense,44,8017.0,290,297,28,40
2026,Ascent,Phoenix,Attaque,28,5164.0,185,221,26,43
2026,Ascent,Phoenix,Défense,28,7044.0,229,191,40,28
2026,Ascent,Sage,Attaque,10,1624.0,52,74,3,9
2026,Ascent,Sage,Défense,10,1616.0,62,68,5,10
2026,Ascent,Sova,Attaque,50,9470.0,348,351,33,19
2026,Ascent,Sova,Défense,50,11175.0,398,346,42,34
2026,Ascent,Vyse,Attaque,20,4215.0,130,155,21,24
2026,Ascent,Vyse,Défense,20,4205.0,171,154,16,21
2026,Ascent,Waylay,Attaque,3,661.0,19,18,3,4
2026,Ascent,Waylay,Défense,3,315.0,13,26,3,5
2026,Ascent,Yoru,Attaque,8,1505.0,47,61,7,14
2026,Ascent,Yoru,Défense,8,1786.0,79,49,22,9
2026,Bind,Astra,Attaque,14,2173.0,82,98,7,7
2026,Bind,Astra,Défense,14,2513.0,86,108,9,23
2026,Bind,Brimstone,Attaque,158,30006.0,1079,1108,83,89
2026,Bind,Brimstone,Défense,158,31883.0,1166,1166,146,127
2026,Bind,Chamber,Attaque,29,6275.0,243,199,49,39
2026,Bind,Chamber,Défense,29,6151.0,247,193,58,38
2026,Bind,Clove,Attaque,1,201.0,4,2,0,1
2026,Bind,Clove,Défense,1,442.0,17,9,1,0
2026,Bind,Cypher,Attaque,2,623.0,30,14,0,1
2026,Bind,Cypher,Défense,2,335.0,15,21,0,3
2026,Bind,Deadlock,Attaque,2,462.0,20,17,2,2
2026,Bind,Deadlock,Défense,2,280.0,9,14,0,2
2026,Bind,Fade,Attaque,65,10948.0,412,460,35,47
2026,Bind,Fade,Défense,65,11609.0,415,456,42,43
2026,Bind,Gekko,Attaque,9,1335.0,51,74,5,9
2026,Bind,Gekko,Défense,9,1831.0,72,73,12,7
2026,Bind,Harbor,Attaque,5,818.0,35,47,1,4
2026,Bind,Harbor,Défense,5,988.0,28,34,3,2
2026,Bind,Jett,Attaque,1,160.0,6,11,3,2
2026,Bind,Jett,Défense,1,199.0,8,9,1,2
2026,Bind,KAY/O,Attaque,8,1452.0,49,57,2,9
2026,Bind,KAY/O,Défense,8,1640.0,64,76,5,7
2026,Bind,Miks,Attaque,1,232.0,10,8,2,0
2026,Bind,Miks,Défense,1,124.0,4,10,0,0
2026,Bind,Neon,Attaque,74,15779.0,575,593,121,166
2026,Bind,Neon,Défense,74,15794.0,624,583,130,100
2026,Bind,Omen,Attaque,2,467.0,27,19,0,1
2026,Bind,Omen,Défense,2,697.0,35,18,4,0
2026,Bind,Phoenix,Attaque,10,2044.0,69,84,11,17
2026,Bind,Phoenix,Défense,10,2731.0,97,65,12,7
2026,Bind,Raze,Attaque,60,13944.0,513,505,91,130
2026,Bind,Raze,Défense,60,12984.0,489,473,89,74
2026,Bind,Reyna,Attaque,2,515.0,14,13,2,1
2026,Bind,Reyna,Défense,2,404.0,21,18,3,7
2026,Bind,Sage,Attaque,3,538.0,27,32,3,5
2026,Bind,Sage,Défense,3,686.0,33,25,7,3
2026,Bind,Skye,Attaque,107,17767.0,691,778,48,79
2026,Bind,Skye,Défense,107,18150.0,684,786,87,72
2026,Bind,Tejo,Attaque,12,2169.0,93,103,9,9
2026,Bind,Tejo,Défense,12,2313.0,84,93,9,10
2026,Bind,Veto,Attaque,3,528.0,20,31,3,8
2026,Bind,Veto,Défense,3,739.0,32,20,6,3
2026,Bind,Viper,Attaque,164,33639.0,1286,1185,162,162
2026,Bind,Viper,Défense,164,34043.0,1242,1171,169,131
2026,Bind,Vyse,Attaque,5,906.0,28,27,2,1
2026,Bind,Vyse,Défense,5,709.0,24,45,3,7
2026,Bind,Waylay,Attaque,88,16853.0,668,709,133,162
2026,Bind,Waylay,Défense,88,16601.0,636,649,130,127
2026,Bind,Yoru,Attaque,55,11914.0,454,404,89,84
2026,Bind,Yoru,Défense,55,12026.0,445,373,109,68
2026,Breeze,Astra,Attaque,99,18044.0,678,702,54,58
2026,Breeze,Astra,Défense,99,18311.0,669,697,58,86
2026,Breeze,Breach,Attaque,1,54.0,1,12,0,0
2026,Breeze,Breach,Défense,1,63.0,3,5,0,0
2026,Breeze,Brimstone,Attaque,1,330.0,12,7,0,1
2026,Breeze,Brimstone,Défense,1,204.0,8,10,1,3
2026,Breeze,Chamber,Attaque,19,3922.0,138,125,31,22
2026,Breeze,Chamber,Défense,19,4130.0,156,136,43,30
2026,Breeze,Cypher,Attaque,11,2275.0,99,82,7,12
2026,Breeze,Cypher,Défense,11,2102.0,80,68,13,6
2026,Breeze,Fade,Attaque,1,83.0,3,8,0,0
2026,Breeze,Fade,Défense,1,281.0,11,11,4,0
2026,Breeze,Gekko,Attaque,3,272.0,12,26,0,5
2026,Breeze,Gekko,Défense,3,694.0,27,21,2,3
2026,Breeze,Harbor,Attaque,71,11969.0,439,514,43,41
2026,Breeze,Harbor,Défense,71,12167.0,433,499,58,73
2026,Breeze,Iso,Attaque,8,1735.0,72,68,11,14
2026,Breeze,Iso,Défense,8,1539.0,62,68,7,9
2026,Breeze,Jett,Attaque,131,28608.0,1030,1022,223,274
2026,Breeze,Jett,Défense,131,30517.0,1156,919,259,140
2026,Breeze,KAY/O,Attaque,62,11788.0,406,443,43,49
2026,Breeze,KAY/O,Défense,62,12021.0,416,423,50,53
2026,Breeze,Neon,Attaque,128,26024.0,960,1087,231,285
2026,Breeze,Neon,Défense,128,28376.0,1046,989,236,182
2026,Breeze,Omen,Attaque,72,12835.0,479,527,49,67
2026,Breeze,Omen,Défense,72,13862.0,527,526,69,55
2026,Breeze,Phoenix,Attaque,16,3645.0,144,134,21,23
2026,Breeze,Phoenix,Défense,16,3180.0,114,98,17,17
2026,Breeze,Sage,Attaque,15,2818.0,98,88,3,10
2026,Breeze,Sage,Défense,15,2691.0,106,105,15,11
2026,Breeze,Skye,Attaque,15,2709.0,104,113,6,8
2026,Breeze,Skye,Défense,15,3119.0,109,110,12,16
2026,Breeze,Sova,Attaque,225,38780.0,1446,1516,102,100
2026,Breeze,Sova,Défense,225,43662.0,1587,1524,147,142
2026,Breeze,Tejo,Attaque,1,264.0,12,8,0,1
2026,Breeze,Tejo,Défense,1,120.0,3,8,0,1
2026,Breeze,Veto,Attaque,4,513.0,20,31,4,5
2026,Breeze,Veto,Défense,4,876.0,37,31,7,2
2026,Breeze,Viper,Attaque,206,40039.0,1484,1499,160,208
2026,Breeze,Viper,Défense,206,41136.0,1472,1378,191,169
2026,Breeze,Vyse,Attaque,4,641.0,21,24,3,4
2026,Breeze,Vyse,Défense,4,777.0,29,34,3,3
2026,Breeze,Waylay,Attaque,14,2701.0,110,126,29,24
2026,Breeze,Waylay,Défense,14,2767.0,101,113,20,18
2026,Breeze,Yoru,Attaque,83,15688.0,583,666,100,150
2026,Breeze,Yoru,Défense,83,17601.0,661,567,147,99
2026,Corrode,Astra,Attaque,23,3438.0,136,184,11,14
2026,Corrode,Astra,Défense,23,4338.0,160,157,23,23
2026,Corrode,Breach,Attaque,1,165.0,6,12,1,0
2026,Corrode,Breach,Défense,1,28.0,0,2,0,0
2026,Corrode,Brimstone,Attaque,3,645.0,20,15,3,0
2026,Corrode,Brimstone,Défense,3,536.0,23,22,4,1
2026,Corrode,Chamber,Attaque,9,2230.0,75,54,17,13
2026,Corrode,Chamber,Défense,9,1718.0,70,58,14,7
2026,Corrode,Cypher,Attaque,7,1291.0,47,46,6,3
2026,Corrode,Cypher,Défense,7,1516.0,56,45,7,4
2026,Corrode,Fade,Attaque,54,8696.0,321,386,24,41
2026,Corrode,Fade,Défense,54,10844.0,392,394,54,50
2026,Corrode,Gekko,Attaque,4,468.0,19,31,0,3
2026,Corrode,Gekko,Défense,4,767.0,26,23,2,3
2026,Corrode,Iso,Attaque,4,945.0,36,36,11,8
2026,Corrode,Iso,Défense,4,779.0,26,32,2,4
2026,Corrode,Jett,Attaque,1,180.0,8,8,2,2
2026,Corrode,Jett,Défense,1,130.0,5,9,2,1
2026,Corrode,KAY/O,Attaque,19,3869.0,145,157,9,23
2026,Corrode,KAY/O,Défense,19,3949.0,147,141,17,13
2026,Corrode,Neon,Attaque,24,5247.0,209,211,46,52
2026,Corrode,Neon,Défense,24,4906.0,160,187,37,32
2026,Corrode,Omen,Attaque,66,12292.0,445,485,46,46
2026,Corrode,Omen,Défense,66,11871.0,439,480,43,60
2026,Corrode,Phoenix,Attaque,10,2229.0,80,69,16,13
2026,Corrode,Phoenix,Défense,10,2292.0,81,80,20,10
2026,Corrode,Raze,Attaque,1,276.0,10,8,6,1
2026,Corrode,Raze,Défense,1,184.0,7,11,1,3
2026,Corrode,Sage,Attaque,8,1301.0,44,52,1,6
2026,Corrode,Sage,Défense,8,1825.0,76,42,9,8
2026,Corrode,Skye,Attaque,6,1400.0,50,38,6,3
2026,Corrode,Skye,Défense,6,903.0,28,49,3,4
2026,Corrode,Sova,Attaque,23,3841.0,136,166,5,16
2026,Corrode,Sova,Défense,23,5302.0,196,164,22,13
2026,Corrode,Tejo,Attaque,4,992.0,40,37,5,4
2026,Corrode,Tejo,Défense,4,881.0,35,28,5,2
2026,Corrode,Veto,Attaque,6,1196.0,38,45,6,12
2026,Corrode,Veto,Défense,6,1376.0,59,44,7,3
2026,Corrode,Viper,Attaque,54,11344.0,430,383,54,55
2026,Corrode,Viper,Défense,54,10693.0,390,378,50,55
2026,Corrode,Vyse,Attaque,10,2308.0,88,82,11,9
2026,Corrode,Vyse,Défense,10,2224.0,94,65,7,9
2026,Corrode,Waylay,Attaque,56,11080.0,418,447,90,96
2026,Corrode,Waylay,Défense,56,11687.0,459,424,101,78
2026,Corrode,Yoru,Attaque,37,8274.0,290,277,49,64
2026,Corrode,Yoru,Défense,37,8283.0,308,267,55,43
2026,Fracture,Astra,Attaque,9,1366.0,53,59,3,3
2026,Fracture,Astra,Défense,9,1685.0,55,66,10,6
2026,Fracture,Breach,Attaque,38,6070.0,242,283,12,21
2026,Fracture,Breach,Défense,38,6378.0,226,270,16,17
2026,Fracture,Brimstone,Attaque,104,21047.0,768,713,63,66
2026,Fracture,Brimstone,Défense,104,21346.0,741,735,77,77
2026,Fracture,Chamber,Attaque,7,1682.0,69,58,10,17
2026,Fracture,Chamber,Défense,7,1369.0,43,41,11,7
2026,Fracture,Cypher,Attaque,79,14937.0,573,573,77,87
2026,Fracture,Cypher,Défense,79,15008.0,576,599,79,69
2026,Fracture,Deadlock,Attaque,1,146.0,5,8,1,1
2026,Fracture,Deadlock,Défense,1,121.0,4,10,1,2
2026,Fracture,Fade,Attaque,35,5933.0,232,254,21,31
2026,Fracture,Fade,Défense,35,6567.0,242,241,24,13
2026,Fracture,Jett,Attaque,9,2090.0,70,61,12,18
2026,Fracture,Jett,Défense,9,1990.0,68,69,17,7
2026,Fracture,KAY/O,Attaque,2,449.0,19,17,2,1
2026,Fracture,KAY/O,Défense,2,266.0,9,13,1,3
2026,Fracture,Killjoy,Attaque,7,1407.0,50,51,9,6
2026,Fracture,Killjoy,Défense,7,1255.0,47,43,9,4
2026,Fracture,Neon,Attaque,89,19141.0,689,703,149,162
2026,Fracture,Neon,Défense,89,18713.0,678,681,153,145
2026,Fracture,Omen,Attaque,1,173.0,9,9,2,1
2026,Fracture,Omen,Défense,1,274.0,8,5,1,0
2026,Fracture,Phoenix,Attaque,17,3754.0,134,127,24,18
2026,Fracture,Phoenix,Défense,17,3598.0,132,112,26,20
2026,Fracture,Raze,Attaque,37,8811.0,329,275,50,59
2026,Fracture,Raze,Défense,37,8866.0,319,274,64,48
2026,Fracture,Sage,Attaque,3,630.0,22,16,2,4
2026,Fracture,Sage,Défense,3,610.0,27,26,4,2
2026,Fracture,Skye,Attaque,40,7214.0,256,253,22,32
2026,Fracture,Skye,Défense,40,8182.0,299,306,22,34
2026,Fracture,Sova,Attaque,1,145.0,5,4,0,0
2026,Fracture,Sova,Défense,1,114.0,4,9,0,1
2026,Fracture,Tejo,Attaque,36,5761.0,235,265,20,17
2026,Fracture,Tejo,Défense,36,7205.0,264,280,23,33
2026,Fracture,Veto,Attaque,10,1888.0,76,68,11,11
2026,Fracture,Veto,Défense,10,1978.0,65,70,11,18
2026,Fracture,Viper,Attaque,1,241.0,10,10,1,0
2026,Fracture,Viper,Défense,1,260.0,11,6,0,1
2026,Fracture,Vyse,Attaque,2,418.0,18,16,2,4
2026,Fracture,Vyse,Défense,2,387.0,12,12,2,5
2026,Fracture,Waylay,Attaque,42,8932.0,325,322,73,68
2026,Fracture,Waylay,Défense,42,8207.0,311,321,76,54
2026,Haven,Astra,Attaque,28,5016.0,199,175,17,13
2026,Haven,Astra,Défense,28,5080.0,202,196,24,19
2026,Haven,Breach,Attaque,8,1359.0,50,56,3,4
2026,Haven,Breach,Défense,8,1639.0,58,63,4,5
2026,Haven,Chamber,Attaque,51,10967.0,435,360,80,58
2026,Haven,Chamber,Défense,51,9991.0,398,362,97,69
2026,Haven,Cypher,Attaque,123,24880.0,996,877,121,116
2026,Haven,Cypher,Défense,123,24103.0,890,910,121,114
2026,Haven,Deadlock,Attaque,6,995.0,38,35,4,4
2026,Haven,Deadlock,Défense,6,1183.0,43,45,7,5
2026,Haven,Fade,Attaque,41,7477.0,273,295,21,23
2026,Haven,Fade,Défense,41,8337.0,311,301,31,28
2026,Haven,Harbor,Attaque,1,138.0,4,5,0,0
2026,Haven,Harbor,Défense,1,207.0,7,12,1,1
2026,Haven,Iso,Attaque,3,622.0,24,31,3,5
2026,Haven,Iso,Défense,3,751.0,26,28,4,6
2026,Haven,Jett,Attaque,36,8510.0,339,298,79,59
2026,Haven,Jett,Défense,36,8063.0,323,269,67,36
2026,Haven,Killjoy,Attaque,73,13306.0,499,515,70,78
2026,Haven,Killjoy,Défense,73,13600.0,492,517,78,67
2026,Haven,Neon,Attaque,195,40203.0,1533,1599,321,406
2026,Haven,Neon,Défense,195,42721.0,1597,1530,330,258
2026,Haven,Omen,Attaque,228,41256.0,1564,1642,129,225
2026,Haven,Omen,Défense,228,42675.0,1602,1706,194,196
2026,Haven,Phoenix,Attaque,86,17739.0,666,687,86,116
2026,Haven,Phoenix,Défense,86,19668.0,719,649,101,96
2026,Haven,Raze,Attaque,2,370.0,8,17,2,1
2026,Haven,Raze,Défense,2,507.0,15,13,3,0
2026,Haven,Skye,Attaque,26,4483.0,166,169,14,10
2026,Haven,Skye,Défense,26,5270.0,205,200,30,17
2026,Haven,Sova,Attaque,189,33991.0,1280,1353,103,117
2026,Haven,Sova,Défense,189,35610.0,1253,1363,165,153
2026,Haven,Tejo,Attaque,3,499.0,22,24,1,3
2026,Haven,Tejo,Défense,3,419.0,14,20,2,5
2026,Haven,Veto,Attaque,6,1173.0,50,42,7,6
2026,Haven,Veto,Défense,6,815.0,32,51,7,11
2026,Haven,Viper,Attaque,76,15670.0,563,550,64,70
2026,Haven,Viper,Défense,76,15285.0,555,566,70,56
2026,Haven,Vyse,Attaque,5,985.0,40,49,5,6
2026,Haven,Vyse,Défense,5,819.0,31,32,4,5
2026,Haven,Waylay,Attaque,36,8241.0,306,277,54,59
2026,Haven,Waylay,Défense,36,8372.0,318,256,61,51
2026,Haven,Yoru,Attaque,58,12239.0,465,473,90,98
2026,Haven,Yoru,Défense,58,11829.0,435,431,76,76
2026,Lotus,Astra,Attaque,1,192.0,9,9,0,3
2026,Lotus,Astra,Défense,1,125.0,5,5,0,1
2026,Lotus,Breach,Attaque,1,160.0,6,9,1,0
2026,Lotus,Breach,Défense,1,171.0,6,6,0,1
2026,Lotus,Chamber,Attaque,12,2627.0,113,109,23,21
2026,Lotus,Chamber,Défense,12,2758.0,116,74,27,22
2026,Lotus,Cypher,Attaque,42,7912.0,294,277,50,47
2026,Lotus,Cypher,Défense,42,8623.0,309,292,50,30
2026,Lotus,Deadlock,Attaque,11,1922.0,75,73,8,15
2026,Lotus,Deadlock,Défense,11,1704.0,57,82,9,9
2026,Lotus,Fade,Attaque,162,29966.0,1123,1139,80,87
2026,Lotus,Fade,Défense,161,29552.0,1078,1154,126,129
2026,Lotus,Harbor,Attaque,2,301.0,14,14,0,1
2026,Lotus,Harbor,Défense,2,402.0,14,15,4,0
2026,Lotus,Iso,Attaque,1,167.0,8,11,2,3
2026,Lotus,Iso,Défense,1,183.0,5,7,0,0
2026,Lotus,Jett,Attaque,18,4482.0,177,126,40,30
2026,Lotus,Jett,Défense,18,4832.0,165,119,44,20
2026,Lotus,Killjoy,Attaque,17,2860.0,103,112,19,15
2026,Lotus,Killjoy,Défense,17,3589.0,131,127,14,11
2026,Lotus,Miks,Attaque,1,61.0,0,5,0,0
2026,Lotus,Miks,Défense,1,118.0,5,11,0,0
2026,Lotus,Neon,Attaque,130,27187.0,988,1030,190,277
2026,Lotus,Neon,Défense,130,27906.0,1020,1037,217,203
2026,Lotus,Omen,Attaque,197,35928.0,1338,1391,133,159
2026,Lotus,Omen,Défense,197,34835.0,1274,1420,161,166
2026,Lotus,Phoenix,Attaque,8,1855.0,73,69,11,10
2026,Lotus,Phoenix,Défense,8,1662.0,51,63,12,15
2026,Lotus,Raze,Attaque,105,25201.0,926,833,154,159
2026,Lotus,Raze,Défense,105,24365.0,873,790,132,122
2026,Lotus,Sage,Attaque,11,2153.0,76,69,13,10
2026,Lotus,Sage,Défense,11,2058.0,77,76,16,14
2026,Lotus,Skye,Attaque,34,5961.0,207,201,9,18
2026,Lotus,Skye,Défense,34,6114.0,202,236,14,25
2026,Lotus,Sova,Attaque,1,147.0,5,9,0,2
2026,Lotus,Sova,Défense,1,167.0,7,9,0,1
2026,Lotus,Veto,Attaque,7,1299.0,49,48,10,7
2026,Lotus,Veto,Défense,7,1304.0,49,47,8,6
2026,Lotus,Viper,Attaque,88,18294.0,671,629,108,77
2026,Lotus,Viper,Défense,88,18951.0,704,619,84,63
2026,Lotus,Vyse,Attaque,99,18079.0,689,701,70,70
2026,Lotus,Vyse,Défense,99,18507.0,667,697,86,85
2026,Lotus,Waylay,Attaque,37,8185.0,283,270,61,57
2026,Lotus,Waylay,Défense,37,8371.0,284,284,59,52
2026,Pearl,Astra,Attaque,212,37258.0,1380,1453,91,116
2026,Pearl,Astra,Défense,212,40620.0,1497,1406,162,166
2026,Pearl,Brimstone,Attaque,5,944.0,35,33,2,1
2026,Pearl,Brimstone,Défense,5,1264.0,47,38,5,1
2026,Pearl,Chamber,Attaque,60,11501.0,416,403,86,97
2026,Pearl,Chamber,Défense,60,13128.0,525,425,119,68
2026,Pearl,Cypher,Attaque,29,5494.0,217,228,34,29
2026,Pearl,Cypher,Défense,29,5926.0,242,210,32,28
2026,Pearl,Fade,Attaque,105,17571.0,648,780,55,92
2026,Pearl,Fade,Défense,105,20454.0,742,738,70,83
2026,Pearl,Harbor,Attaque,4,921.0,41,29,4,2
2026,Pearl,Harbor,Défense,4,705.0,25,34,6,2
2026,Pearl,Jett,Attaque,16,3808.0,153,143,30,24
2026,Pearl,Jett,Défense,16,3932.0,146,124,38,21
2026,Pearl,KAY/O,Attaque,31,5666.0,169,217,15,28
2026,Pearl,KAY/O,Défense,31,5766.0,231,242,26,22
2026,Pearl,Killjoy,Attaque,99,18602.0,712,757,75,92
2026,Pearl,Killjoy,Défense,99,21699.0,754,617,97,64
2026,Pearl,Neon,Attaque,149,31262.0,1118,1220,233,337
2026,Pearl,Neon,Défense,149,31884.0,1166,1129,267,216
2026,Pearl,Omen,Attaque,1,201.0,9,8,2,1
2026,Pearl,Omen,Défense,1,177.0,6,7,0,0
2026,Pearl,Phoenix,Attaque,69,15354.0,530,507,82,85
2026,Pearl,Phoenix,Défense,69,15761.0,535,494,82,71
2026,Pearl,Raze,Attaque,5,815.0,29,42,5,8
2026,Pearl,Raze,Défense,5,1291.0,55,42,11,5
2026,Pearl,Sage,Attaque,2,389.0,17,20,2,2
2026,Pearl,Sage,Défense,2,157.0,5,13,1,2
2026,Pearl,Skye,Attaque,15,2776.0,109,120,6,8
2026,Pearl,Skye,Défense,15,2525.0,87,101,4,9
2026,Pearl,Sova,Attaque,80,14229.0,529,587,43,46
2026,Pearl,Sova,Défense,80,16368.0,583,542,68,60
2026,Pearl,Tejo,Attaque,60,10489.0,389,460,40,50
2026,Pearl,Tejo,Défense,60,11548.0,394,406,40,38
2026,Pearl,Veto,Attaque,9,1857.0,68,75,12,17
2026,Pearl,Veto,Défense,9,1476.0,64,79,16,11
2026,Pearl,Viper,Attaque,1,126.0,5,7,0,2
2026,Pearl,Viper,Défense,1,295.0,11,8,2,0
2026,Pearl,Vyse,Attaque,25,5433.0,197,185,20,21
2026,Pearl,Vyse,Défense,25,5310.0,196,181,20,21
2026,Pearl,Waylay,Attaque,52,9742.0,368,437,83,113
2026,Pearl,Waylay,Défense,52,10003.0,362,377,99,75
2026,Pearl,Yoru,Attaque,61,12451.0,486,531,91,108
2026,Pearl,Yoru,Défense,61,14189.0,562,412,114,48
2026,Split,Astra,Attaque,63,11510.0,454,448,32,34
2026,Split,Astra,Défense,63,10881.0,408,438,38,56
2026,Split,Breach,Attaque,10,2264.0,87,68,4,6
2026,Split,Breach,Défense,10,1896.0,63,77,4,5
2026,Split,Chamber,Attaque,8,1747.0,65,67,17,7
2026,Split,Chamber,Défense,8,1923.0,82,50,13,5
2026,Split,Cypher,Attaque,12,1675.0,66,95,3,9
2026,Split,Cypher,Défense,12,2151.0,82,79,16,8
2026,Split,Deadlock,Attaque,3,695.0,28,27,5,5
2026,Split,Deadlock,Défense,3,488.0,21,28,2,2
2026,Split,Fade,Attaque,168,30114.0,1141,1193,88,97
2026,Split,Fade,Défense,167,31812.0,1195,1135,156,114
2026,Split,Harbor,Attaque,2,253.0,11,20,3,2
2026,Split,Harbor,Défense,2,418.0,19,20,5,2
2026,Split,Jett,Attaque,28,6121.0,241,224,48,49
2026,Split,Jett,Défense,28,6578.0,260,178,56,33
2026,Split,KAY/O,Attaque,2,227.0,6,13,0,1
2026,Split,KAY/O,Défense,2,430.0,15,18,6,3
2026,Split,Neon,Attaque,130,26010.0,996,1136,257,323
2026,Split,Neon,Défense,130,27333.0,1043,983,218,179
2026,Split,Omen,Attaque,219,39757.0,1510,1609,112,165
2026,Split,Omen,Défense,219,40184.0,1515,1584,201,188
2026,Split,Phoenix,Attaque,11,2503.0,92,78,13,15
2026,Split,Phoenix,Défense,11,2984.0,104,71,15,10
2026,Split,Raze,Attaque,145,30635.0,1109,1163,221,254
2026,Split,Raze,Défense,145,32889.0,1210,1063,222,161
2026,Split,Sage,Attaque,13,2070.0,78,101,5,16
2026,Split,Sage,Défense,13,1922.0,81,112,9,16
2026,Split,Skye,Attaque,112,18758.0,692,810,48,62
2026,Split,Skye,Défense,112,20749.0,814,840,113,94
2026,Split,Tejo,Attaque,11,2112.0,89,82,6,7
2026,Split,Tejo,Défense,11,2002.0,76,91,9,8
2026,Split,Veto,Attaque,5,1199.0,46,30,8,3
2026,Split,Veto,Défense,5,1411.0,46,28,6,4
2026,Split,Viper,Attaque,258,49869.0,1884,1885,233,251
2026,Split,Viper,Défense,258,53282.0,2011,1892,251,244
2026,Split,Vyse,Attaque,35,6834.0,258,279,27,24
2026,Split,Vyse,Défense,35,7642.0,282,235,32,22
2026,Split,Waylay,Attaque,91,17405.0,662,753,136,193
2026,Split,Waylay,Défense,91,19027.0,720,679,149,126
2026,Split,Yoru,Attaque,84,17482.0,661,643,116,128
2026,Split,Yoru,Défense,84,18236.0,670,578,130,102
